39.03718,-95.67641,273.8418579101562,30
39.03697,-95.67649,273.8373718261719,30
39.03697,-95.67723,274.5310668945312,30
39.03696,-95.67776,274.6792907714844,30
39.03696,-95.67897,276.1365356445312,30
39.03696,-95.67966,275.8469848632812,30
39.03696,-95.6797,275.8541259765625,30
39.03696,-95.67989,275.963623046875,30
39.03696,-95.67993,275.9622192382812,30
39.03695,-95.68033,275.5509643554688,30
39.03695,-95.6816,275.0930786132812,30
39.03694,-95.6827,275.0808715820312,30
39.03694,-95.6828,275.1803894042969,0
39.03833,-95.6828,277.9121398925781,40
39.03975,-95.68278,282.3285217285156,40
39.04013,-95.68278,283.5689392089844,40
39.04131,-95.68277,286.7799987792969,40
39.04271,-95.68276,288.7719116210938,40
39.04337,-95.68276,289.1948547363281,40
39.04408,-95.68276,289.6537475585938,35
39.04438,-95.68272,289.7795715332031,35
39.0444,-95.68271,289.777099609375,35
39.04459,-95.68264,289.70947265625,35
39.04493,-95.68249,289.4552307128906,35
39.04511,-95.68241,289.3583679199219,35
39.04548,-95.68226,289.1502380371094,35
39.04595,-95.68206,288.8359985351562,35
39.04664,-95.68177,287.9363098144531,35
39.04741,-95.68143,287.0180358886719,35
39.04885,-95.68081,285.495849609375,35
39.0498,-95.68041,284.8624572753906,35
39.0503,-95.68018,284.56005859375,35
39.05123,-95.67978,284.03466796875,35
39.0514,-95.67971,283.9273681640625,35
39.05174,-95.67957,283.8758239746094,35
39.05239,-95.67929,283.5464172363281,35
39.0527,-95.67915,283.3505554199219,35
39.05278,-95.67912,283.2625122070312,35
39.05319,-95.67895,282.957275390625,35
39.05338,-95.67886,282.9463500976562,35
39.05433,-95.67845,283.6166076660156,35
39.05463,-95.67832,283.7904663085938,35
39.0554,-95.67799,284.3417053222656,35
39.05602,-95.67773,284.3731689453125,35
39.05652,-95.6775,283.8413391113281,35
39.0569,-95.67734,283.4161682128906,35
39.05722,-95.67721,283.190673828125,35
39.05739,-95.67713,282.9568481445312,35
39.05762,-95.67703,282.3487243652344,35
39.05791,-95.67691,281.0832824707031,35
39.0583,-95.67673,279.2456970214844,40
39.05879,-95.67653,277.2072143554688,40
39.05887,-95.67656,277.0855712890625,40
39.05923,-95.6764,276.3394470214844,40
39.05924,-95.6764,276.2285766601562,40
39.05931,-95.67636,275.22412109375,40
39.05933,-95.67636,275.0485229492188,40
39.05933,-95.67635,274.9937744140625,40
39.05945,-95.6763,273.9692077636719,40
39.05953,-95.67627,273.4297485351562,40
39.05955,-95.67626,273.2864379882812,40
39.06,-95.67608,271.3727722167969,40
39.06038,-95.67591,270.8193969726562,40
39.06055,-95.67584,270.2168579101562,40
39.06084,-95.67572,269.6823120117188,40
39.06109,-95.67562,269.4171752929688,40
39.0614,-95.67549,269.2033996582031,40
39.06164,-95.67539,269.0677795410156,40
39.06166,-95.67538,269.0756225585938,40
39.06187,-95.67529,269.0880126953125,40
39.06203,-95.67523,269.2490844726562,40
39.06254,-95.67502,269.9830322265625,40
39.06279,-95.6749,267.4625854492188,40
39.06299,-95.67482,261.7197265625,40
39.06318,-95.67476,260.3931579589844,40
39.0635,-95.67463,260.4212951660156,40
39.06405,-95.67439,260.7167358398438,40
39.06445,-95.6742,260.6849060058594,40
39.06479,-95.67407,262.6451110839844,40
39.06499,-95.67397,268.6525268554688,40
39.06597,-95.67354,269.1806335449219,40
39.06608,-95.67347,269.2582092285156,40
39.06711,-95.67304,268.4861755371094,40
39.06732,-95.67295,268.5234069824219,40
39.06779,-95.67274,268.5887145996094,40
39.06784,-95.67272,268.5380554199219,40
39.06828,-95.67252,267.7078552246094,40
39.06864,-95.67236,267.5232849121094,40
39.06917,-95.67213,267.3277587890625,40
39.06964,-95.67192,267.9975891113281,40
39.06983,-95.67183,268.1826171875,40
39.06995,-95.67178,268.3820190429688,40
39.0702,-95.67167,268.1621704101562,40
39.07024,-95.67166,268.07958984375,0
39.07025,-95.67165,268.0625,0
39.07041,-95.67156,267.86767578125,0
39.07047,-95.67151,267.7864074707031,0
39.07078,-95.67138,267.7385864257812,35
39.07101,-95.67128,267.7190856933594,35
39.07139,-95.67111,267.6664733886719,35
39.07149,-95.67107,267.6543579101562,35
39.07227,-95.67073,267.5323181152344,35
39.0736,-95.67016,267.4034118652344,35
39.07368,-95.67013,267.3910217285156,0
39.07382,-95.67007,267.3934020996094,0
39.0751,-95.66952,267.2098388671875,40
39.07578,-95.66923,267.1378479003906,40
39.07634,-95.66899,267.0579528808594,40
39.07636,-95.66898,267.0584716796875,40
39.07643,-95.66894,267.0767822265625,40
39.0765,-95.66892,267.0743713378906,40
39.07667,-95.66886,267.1262817382812,40
39.07716,-95.66868,267.3138427734375,40
39.078,-95.66832,267.8802490234375,40
39.07821,-95.66823,268.0161437988281,40
39.07898,-95.66792,268.6741638183594,40
39.07936,-95.66775,269.0099487304688,40
39.07968,-95.66762,269.2173156738281,40
39.07986,-95.66754,269.2501525878906,40
39.08011,-95.66743,269.2215576171875,40
39.08036,-95.66733,269.1673889160156,40
39.08122,-95.66695,268.6114807128906,40
39.08153,-95.66682,268.72705078125,40
39.08219,-95.66653,268.9169921875,40
39.08301,-95.66617,268.4496154785156,40
39.08353,-95.66595,268.728515625,40
39.08403,-95.66574,268.7814025878906,40
39.08423,-95.66565,268.8272094726562,40
39.08439,-95.66558,268.9275817871094,40
39.08459,-95.6655,269.061279296875,40
39.08488,-95.66537,269.2096252441406,40
39.0853,-95.6652,269.0418395996094,40
39.08545,-95.66513,268.9395446777344,40
39.08564,-95.66506,269.0419311523438,40
39.08581,-95.66501,269.1141052246094,40
39.08601,-95.66494,268.9839477539062,40
39.08611,-95.66492,268.9232482910156,40
39.08618,-95.6649,268.8570251464844,40
39.08639,-95.66484,268.810546875,40
39.08654,-95.66481,268.7014770507812,40
39.08666,-95.66479,268.6650695800781,40
39.08675,-95.66477,268.6567993164062,40
39.0869,-95.66474,268.6842651367188,40
39.08702,-95.66472,268.7798461914062,40
39.08708,-95.6647,268.8419799804688,40
39.08718,-95.66469,268.8977966308594,40
39.08733,-95.66467,268.9820861816406,40
39.08765,-95.66464,268.9937744140625,40
39.08781,-95.66464,268.8508911132812,40
39.08806,-95.66464,268.6121520996094,40
39.08833,-95.66464,268.5477600097656,40
39.0886,-95.66464,268.661376953125,40
39.08874,-95.66463,268.7714233398438,40
39.08882,-95.66463,268.8230590820312,40
39.08898,-95.66462,268.9168701171875,40
39.08907,-95.66462,268.9759826660156,40
39.08919,-95.66462,268.9676513671875,40
39.08922,-95.66458,269.0006103515625,0
39.08924,-95.66456,269.0016784667969,0
39.08927,-95.66454,268.9819030761719,0
39.0893,-95.66453,268.9619140625,0
39.08933,-95.66452,268.9419860839844,0
39.08936,-95.66451,268.9237060546875,0
39.0894,-95.66451,268.9244689941406,0
39.08946,-95.6645,268.9122314453125,0
39.08952,-95.66448,268.8836059570312,0
39.08963,-95.66442,268.9409484863281,0
39.08967,-95.6644,268.9332580566406,0
39.0897,-95.66438,268.9462890625,0
39.08974,-95.66434,268.8955383300781,0
39.08978,-95.6643,268.8705749511719,0
39.08996,-95.66409,269.4268188476562,0
39.09064,-95.66329,272.4928894042969,0
39.09067,-95.66326,272.5068664550781,0
39.09076,-95.66316,272.5943908691406,0
39.09085,-95.66304,272.6824340820312,0
39.0909,-95.66298,272.6637573242188,0
39.09093,-95.66292,272.6540832519531,0
39.09096,-95.66286,272.5703735351562,0
39.09098,-95.66279,272.4745483398438,0
39.09106,-95.66251,272.1129760742188,0
39.09106,-95.66208,271.3492431640625,45
39.09105,-95.66185,270.9553833007812,45
39.09104,-95.66133,270.2799682617188,45
39.09103,-95.66089,269.8165893554688,45
39.09102,-95.66004,269.3794860839844,45
39.09099,-95.65901,269.0559692382812,45
39.09096,-95.65785,268.6924743652344,45
39.09096,-95.65616,268.3312683105469,45
39.09097,-95.65425,268.2312927246094,55
39.09098,-95.65092,267.6220092773438,55
39.09099,-95.65016,267.6098022460938,55
39.091,-95.64701,267.2857055664062,55
39.09101,-95.64553,267.0641784667969,55
39.09102,-95.64381,266.9490966796875,55
39.09102,-95.6437,266.9337158203125,55
39.09102,-95.64328,266.7879638671875,55
39.09103,-95.64045,266.9100036621094,55
39.09104,-95.63912,267.420166015625,55
39.09104,-95.63899,267.6193237304688,0
39.09104,-95.63771,270.4890441894531,65
39.09105,-95.63703,272.13330078125,65
39.09105,-95.63691,272.4008178710938,65
39.09105,-95.6368,272.6769409179688,65
39.09105,-95.63587,273.1304321289062,65
39.09106,-95.63559,267.3183288574219,65
39.09106,-95.63518,273.5604858398438,65
39.09106,-95.63511,273.7822265625,65
39.09106,-95.63495,273.6949157714844,65
39.09106,-95.63309,271.8898010253906,65
39.09106,-95.63286,271.7508544921875,65
39.09107,-95.63078,271.5274963378906,65
39.09108,-95.62834,260.1076965332031,65
39.09109,-95.62741,270.9347839355469,65
39.0911,-95.62707,270.8262939453125,65
39.09111,-95.62674,270.7105712890625,65
39.09113,-95.62641,270.7054443359375,65
39.09116,-95.62607,270.5624084472656,65
39.09117,-95.626,270.6027526855469,65
39.09118,-95.6258,270.6279602050781,65
39.09121,-95.6256,270.4948120117188,65
39.09125,-95.62529,270.4215698242188,0
39.09129,-95.62499,270.3757934570312,70
39.09134,-95.62465,270.3125,70
39.09139,-95.62438,270.1575622558594,70
39.09143,-95.62417,270.2649841308594,70
39.09144,-95.62413,270.2467346191406,70
39.09149,-95.62391,270.1260986328125,70
39.09149,-95.62388,270.1607360839844,70
39.09152,-95.62377,270.3277893066406,70
39.09154,-95.62368,270.2835083007812,70
39.09159,-95.62349,270.3357849121094,70
39.09166,-95.62321,270.4578247070312,70
39.0917,-95.62308,270.7167663574219,70
39.09176,-95.6228,270.9778747558594,70
39.09183,-95.62259,271.1170654296875,70
39.09183,-95.62258,271.1492309570312,70
39.092,-95.62192,272.2904663085938,70
39.09211,-95.62151,273.1699829101562,70
39.09232,-95.6207,274.6123046875,70
39.09249,-95.62007,276.1412353515625,70
39.09258,-95.61971,276.745849609375,70
39.09266,-95.61936,277.4259033203125,70
39.09274,-95.61901,278.2442016601562,70
39.09277,-95.61884,278.3820190429688,70
39.09281,-95.61865,278.9569091796875,70
39.09285,-95.61847,278.9033508300781,70
39.09288,-95.6183,279.4461059570312,70
39.09291,-95.61812,279.7921447753906,70
39.09294,-95.61793,279.9968872070312,70
39.09305,-95.61725,281.3900146484375,70
39.0931,-95.61682,282.0270080566406,70
39.09313,-95.61658,282.6014099121094,70
39.09317,-95.61625,283.2301025390625,70
39.0932,-95.6158,283.7792358398438,70
39.09322,-95.61559,284.3649597167969,70
39.09323,-95.61547,284.6397094726562,70
39.09324,-95.61534,284.9146423339844,70
39.09324,-95.61526,285.0821533203125,70
39.09326,-95.61493,285.4319458007812,70
39.09327,-95.6148,285.6142578125,70
39.09328,-95.61457,285.9347839355469,70
39.09329,-95.61434,286.2325744628906,70
39.09329,-95.61421,286.3675231933594,70
39.09332,-95.61351,287.5909118652344,70
39.09335,-95.61288,288.8467712402344,70
39.09338,-95.61219,290.1823425292969,70
39.09341,-95.61159,291.4549255371094,70
39.09343,-95.61126,292.0086364746094,70
39.09344,-95.61087,292.6279907226562,70
39.09345,-95.6106,293.0399169921875,70
39.09346,-95.61048,293.2203063964844,70
39.09346,-95.61034,293.5170288085938,70
39.09347,-95.6102,293.7735595703125,70
39.09347,-95.61013,293.9111938476562,70
39.09348,-95.61007,294.0165405273438,70
39.09348,-95.61004,294.0821533203125,70
39.09348,-95.6099,294.3585205078125,70
39.09349,-95.60959,294.9302978515625,70
39.09351,-95.60914,295.3604125976562,70
39.09353,-95.60867,295.9475402832031,70
39.09354,-95.60844,296.1902160644531,70
39.09354,-95.60823,291.5826416015625,70
39.09355,-95.60811,288.1710510253906,70
39.09355,-95.60803,288.1643371582031,70
39.09355,-95.60799,288.4165344238281,70
39.09355,-95.60792,288.6955261230469,70
39.09355,-95.60785,288.79150390625,70
39.09355,-95.60781,288.8269958496094,70
39.09355,-95.60776,288.8553771972656,70
39.09354,-95.60754,288.5098876953125,70
39.09354,-95.60735,288.9422302246094,70
39.09352,-95.60691,296.1201782226562,70
39.09352,-95.60687,296.3304443359375,70
39.0935,-95.60661,296.2801208496094,70
39.0935,-95.60648,296.2007751464844,70
39.09349,-95.60637,296.1855773925781,70
39.09347,-95.60614,295.9691467285156,70
39.09346,-95.60594,295.724365234375,70
39.09345,-95.60591,295.6794128417969,70
39.09343,-95.60567,295.3708801269531,70
39.0934,-95.60533,295.0542602539062,70
39.09339,-95.60525,294.9309692382812,70
39.09339,-95.60521,294.8406372070312,70
39.09337,-95.60511,294.6136474609375,70
39.09336,-95.60501,294.4056701660156,70
39.09336,-95.60499,294.3583984375,70
39.09335,-95.60488,294.1443176269531,70
39.09333,-95.60478,294.0908203125,70
39.09333,-95.60476,294.0631713867188,70
39.0933,-95.60452,293.7035522460938,70
39.09325,-95.60418,292.9808349609375,70
39.09322,-95.60396,292.6300964355469,70
39.09315,-95.60356,291.6546325683594,70
39.09303,-95.60295,290.1592712402344,70
39.09296,-95.6026,289.4864196777344,70
39.09283,-95.60205,287.9034118652344,70
39.09269,-95.60151,286.8094787597656,70
39.09254,-95.60098,285.5004577636719,70
39.09233,-95.6003,283.6265563964844,70
39.09216,-95.59981,282.3765563964844,70
39.0919,-95.59908,280.631103515625,70
39.09088,-95.59645,274.0500793457031,70
39.09079,-95.59621,269.05810546875,70
39.0907,-95.59597,271.0363464355469,70
39.09051,-95.5954,271.6211853027344,70
39.0905,-95.59539,271.6205444335938,70
39.09042,-95.59511,270.8177795410156,70
39.09036,-95.59493,270.3837585449219,70
39.09033,-95.59484,270.2792358398438,70
39.09031,-95.59477,270.1469116210938,70
39.09021,-95.59444,269.5356140136719,70
39.09006,-95.59389,268.9209289550781,70
39.09001,-95.59371,268.7009582519531,70
39.08998,-95.59357,268.6669921875,70
39.08995,-95.59345,268.5653381347656,70
39.08993,-95.59336,268.5299987792969,70
39.08988,-95.59313,268.5362548828125,70
39.08983,-95.59293,268.5401306152344,70
39.0898,-95.59279,268.4988403320312,70
39.0897,-95.59224,268.400390625,70
39.08964,-95.59191,268.4615173339844,70
39.0896,-95.59168,268.2747497558594,70
39.08946,-95.59073,268.4080810546875,70
39.0893,-95.58953,268.2283935546875,70
39.08902,-95.58737,268.0470581054688,70
39.08857,-95.58396,267.8965148925781,70
39.08856,-95.58387,267.775146484375,70
39.08853,-95.58365,267.89794921875,70
39.08814,-95.58068,267.84375,70
39.08802,-95.57965,267.8923034667969,70
39.08797,-95.5792,267.7826538085938,70
39.08794,-95.57882,267.8222351074219,70
39.08792,-95.57862,267.8930053710938,70
39.08789,-95.57817,267.71728515625,70
39.08785,-95.5777,267.8809204101562,70
39.08782,-95.57725,267.8883361816406,70
39.08781,-95.5769,267.8016662597656,70
39.08777,-95.57616,267.9559020996094,70
39.08774,-95.57484,267.792724609375,70
39.08772,-95.57384,267.716064453125,70
39.08771,-95.57279,267.605224609375,70
39.08769,-95.57186,267.4664611816406,70
39.08769,-95.57163,267.3797607421875,70
39.08768,-95.57094,267.3971557617188,70
39.08767,-95.57047,267.486083984375,70
39.08767,-95.57016,267.4265747070312,70
39.08766,-95.56926,267.4942626953125,70
39.08762,-95.56697,267.3952026367188,70
39.08758,-95.56412,266.8824462890625,70
39.08755,-95.56226,266.6744384765625,70
39.08754,-95.56162,266.456298828125,70
39.08753,-95.56087,266.2930297851562,70
39.08752,-95.56021,266.2278442382812,70
39.08748,-95.5577,266.1052551269531,70
39.08747,-95.55726,266.0113830566406,70
39.08745,-95.55632,266.4672241210938,70
39.08744,-95.55469,262.5691223144531,70
39.08744,-95.55468,262.34130859375,70
39.0874,-95.55257,266.4146423339844,70
39.08739,-95.55157,265.7872009277344,70
39.08736,-95.5507,265.509521484375,70
39.08734,-95.55037,265.51416015625,70
39.08727,-95.54838,265.2367248535156,70
39.08726,-95.54745,265.2586364746094,70
39.08722,-95.54554,265.0497741699219,70
39.08722,-95.54373,264.9772644042969,70
39.08722,-95.5417,264.7410583496094,70
39.08722,-95.54114,264.7646484375,70
39.0872,-95.53831,265.0864562988281,70
39.08719,-95.53764,264.7239074707031,70
39.08709,-95.53425,265.6571960449219,70
39.08705,-95.53305,266.0443420410156,70
39.08704,-95.53258,266.160400390625,70
39.08703,-95.53218,266.3584594726562,70
39.08703,-95.53158,266.5697631835938,70
39.08704,-95.52959,267.3276672363281,70
39.08704,-95.52953,267.3552551269531,70
39.08708,-95.5286,264.5983276367188,70
39.08716,-95.5276,267.3589477539062,70
39.0872,-95.52698,267.440185546875,70
39.08727,-95.5263,267.4302673339844,70
39.08744,-95.52461,268.4295349121094,70
39.08753,-95.52384,268.9388732910156,70
39.08759,-95.5232,269.467529296875,70
39.08761,-95.52301,269.7173156738281,70
39.08764,-95.52269,270.3213806152344,70
39.08767,-95.52224,270.8081359863281,70
39.0877,-95.52154,271.724365234375,70
39.08771,-95.52111,272.3312683105469,70
39.08772,-95.52023,273.6380310058594,70
39.08772,-95.51837,274.6023254394531,70
39.08772,-95.5183,274.6291198730469,70
39.08771,-95.51668,274.7121887207031,70
39.0877,-95.51545,273.8887023925781,70
39.0877,-95.51505,273.5404968261719,70
39.0877,-95.51309,270.7121276855469,70
39.0877,-95.51216,268.8556213378906,70
39.0877,-95.51193,268.5615539550781,70
39.0877,-95.51105,262.9275817871094,70
39.0877,-95.50943,268.3189392089844,70
39.0877,-95.50914,268.6419982910156,70
39.0877,-95.50747,272.1029357910156,70
39.0877,-95.50616,274.432373046875,70
39.08769,-95.5046,276.8327331542969,70
39.08767,-95.50276,279.1841430664062,70
39.08767,-95.50275,279.1966552734375,70
39.08767,-95.50159,280.2682495117188,70
39.08766,-95.5,280.7667236328125,70
39.08766,-95.49941,280.9609375,70
39.08764,-95.49733,281.6431579589844,70
39.08763,-95.49555,282.1768798828125,70
39.08763,-95.49546,282.1699523925781,70
39.08762,-95.4944,282.2866821289062,70
39.08762,-95.49348,281.8889465332031,70
39.08761,-95.49299,281.4758911132812,70
39.08759,-95.49265,281.2819519042969,70
39.08758,-95.49254,281.15576171875,70
39.08756,-95.49232,280.92822265625,70
39.08751,-95.49173,280.2025451660156,70
39.08747,-95.49124,279.4999084472656,70
39.08742,-95.49083,278.7966918945312,70
39.08735,-95.49011,277.4019470214844,70
39.08734,-95.49005,277.3070068359375,70
39.08725,-95.48949,276.2647094726562,70
39.08705,-95.48814,274.1993713378906,70
39.08699,-95.48773,273.5363464355469,70
39.08679,-95.48644,273.2690734863281,70
39.08679,-95.48641,273.2223205566406,70
39.0867,-95.48575,273.5308227539062,70
39.08662,-95.48512,273.42138671875,70
39.08655,-95.48436,273.1374816894531,70
39.08648,-95.48332,272.5022888183594,70
39.08646,-95.48297,272.1676330566406,70
39.08645,-95.48214,271.0062255859375,70
39.08645,-95.48154,270.0637512207031,70
39.08647,-95.48066,268.4967346191406,65
39.08647,-95.48064,268.4716796875,65
39.0865,-95.48008,267.5516357421875,65
39.08652,-95.47957,267.0358581542969,65
39.08658,-95.4787,266.3895874023438,65
39.08662,-95.47801,266.1603088378906,65
39.08664,-95.47779,266.0855407714844,65
39.08669,-95.47707,265.8456115722656,65
39.08676,-95.47586,265.4596557617188,65
39.08681,-95.474,265.0191040039062,65
39.08683,-95.47188,264.5059814453125,65
39.08686,-95.47059,264.1828918457031,65
39.08687,-95.46985,263.853271484375,65
39.08688,-95.46927,263.5068054199219,65
39.08688,-95.46915,263.5000610351562,65
39.0869,-95.46801,263.3266296386719,65
39.0869,-95.46776,263.2135620117188,65
39.08696,-95.46455,262.4959106445312,65
39.08696,-95.46427,262.3387756347656,65
39.08696,-95.46414,262.3003540039062,65
39.08697,-95.46397,262.2082824707031,65
39.08697,-95.46384,262.2200622558594,65
39.08698,-95.46374,262.1611328125,65
39.08701,-95.46335,262.0920715332031,65
39.08709,-95.46252,261.8652038574219,65
39.08718,-95.46133,262.0704956054688,65
39.08719,-95.46131,262.0567932128906,65
39.08719,-95.4613,262.0578918457031,65
39.08723,-95.46122,261.8580627441406,65
39.08723,-95.46056,261.9299621582031,65
39.08723,-95.4594,261.7727966308594,65
39.08723,-95.45708,261.8585205078125,65
39.08724,-95.4478,261.6175537109375,65
39.08724,-95.44525,261.5509948730469,65
39.08724,-95.44277,261.4804077148438,65
39.08724,-95.44149,261.4279174804688,65
39.08724,-95.44011,261.4367065429688,65
39.08724,-95.43761,261.4112548828125,65
39.08725,-95.43621,261.3591918945312,65
39.08725,-95.43313,261.1945190429688,65
39.08725,-95.43179,261.300537109375,65
39.08725,-95.43126,261.2650146484375,65
39.08725,-95.4307,261.2272338867188,65
39.08725,-95.42979,261.1865539550781,65
39.08725,-95.42949,261.2832336425781,65
39.08725,-95.429,261.4051818847656,65
39.08725,-95.42843,261.3995666503906,65
39.08725,-95.42767,261.307861328125,65
39.08725,-95.42,260.9893188476562,65
39.08725,-95.41918,261.168212890625,65
39.08725,-95.41904,261.1646728515625,65
39.08723,-95.4187,261.0451049804688,65
39.08721,-95.41846,261.27978515625,65
39.0872,-95.41832,261.2364501953125,65
39.08719,-95.41816,261.1794738769531,65
39.08718,-95.41804,261.2020263671875,65
39.08717,-95.41791,261.2622985839844,65
39.08713,-95.41757,261.2279663085938,65
39.08709,-95.41721,261.1709899902344,65
39.08707,-95.41707,261.2027587890625,65
39.08704,-95.4169,261.2084350585938,65
39.08703,-95.41681,261.1311645507812,65
39.08701,-95.41671,261.1199340820312,65
39.08698,-95.4165,261.070068359375,65
39.08695,-95.41635,261.1245727539062,65
39.08692,-95.41622,261.0997619628906,65
39.08689,-95.41603,261.0982055664062,65
39.08686,-95.41592,261.148681640625,65
39.08682,-95.41572,261.095458984375,65
39.08679,-95.41561,261.1334838867188,65
39.08676,-95.41546,261.0688781738281,65
39.08671,-95.41528,261.0874938964844,65
39.08664,-95.41503,261.0736694335938,65
39.08659,-95.41484,261.0551452636719,65
39.08654,-95.41468,261.0529174804688,65
39.08643,-95.41433,261.1112976074219,65
39.08632,-95.414,261.0253295898438,65
39.08624,-95.41377,260.9949035644531,65
39.08619,-95.41363,260.9934692382812,65
39.08609,-95.41338,261.0408325195312,65
39.08604,-95.41324,260.9912719726562,65
39.08597,-95.41308,261.0519104003906,65
39.0859,-95.41291,260.9981689453125,65
39.08582,-95.41273,260.9890441894531,65
39.08571,-95.4125,261.0081787109375,65
39.08546,-95.41199,260.9439086914062,65
39.08526,-95.4116,260.8635864257812,65
39.08519,-95.41146,260.90966796875,65
39.085,-95.41108,260.8604431152344,65
39.08476,-95.41062,260.875,65
39.08403,-95.40917,260.8655700683594,65
39.08387,-95.40885,260.8682556152344,65
39.08353,-95.40818,260.8084411621094,65
39.0829,-95.40694,260.7601623535156,65
39.08258,-95.4063,260.6659240722656,65
39.08238,-95.40591,260.678955078125,65
39.08222,-95.40559,260.6228942871094,65
39.08208,-95.40527,260.5411376953125,65
39.08196,-95.40499,260.5719299316406,65
39.08187,-95.4048,260.6594848632812,65
39.08176,-95.40452,260.6744689941406,65
39.08169,-95.40431,260.5523986816406,65
39.0816,-95.40409,260.6411437988281,65
39.08157,-95.404,260.5774841308594,65
39.08153,-95.40389,260.6470947265625,65
39.0815,-95.40378,260.6102600097656,65
39.08143,-95.40356,260.5903930664062,65
39.08131,-95.40317,260.5854797363281,65
39.08126,-95.40298,260.51171875,65
39.08122,-95.40282,260.4658813476562,65
39.08118,-95.40266,260.4549560546875,65
39.08108,-95.40224,260.5079040527344,65
39.08104,-95.40205,260.4774475097656,65
39.08101,-95.4019,260.4130859375,65
39.08097,-95.40169,260.3998107910156,65
39.0809,-95.40127,260.4616394042969,65
39.08085,-95.40095,260.4563293457031,65
39.08085,-95.40094,260.4434509277344,65
39.08082,-95.40072,260.4322204589844,65
39.08082,-95.40066,260.3742980957031,65
39.0808,-95.40049,260.378173828125,65
39.08077,-95.40029,260.501953125,65
39.08076,-95.40013,260.4918212890625,65
39.08074,-95.39997,260.6347961425781,65
39.08073,-95.39973,260.6604614257812,65
39.08071,-95.39948,260.8408508300781,65
39.08071,-95.39939,260.8312377929688,65
39.0807,-95.39926,260.9533386230469,65
39.0807,-95.399,261.0300598144531,65
39.08069,-95.39868,261.33837890625,0
39.08069,-95.39825,261.7283325195312,55
39.08069,-95.39794,261.8654479980469,55
39.08069,-95.39752,262.0352172851562,55
39.08069,-95.39715,255.3540954589844,55
39.08069,-95.39702,252.5050048828125,55
39.08069,-95.3968,252.2508087158203,55
39.08069,-95.39679,252.2812805175781,55
39.08069,-95.39632,262.1817932128906,55
39.08069,-95.39604,262.1450805664062,55
39.08069,-95.39558,261.8270263671875,55
39.08069,-95.3954,261.7202758789062,55
39.08069,-95.39516,261.5584411621094,55
39.08069,-95.39493,261.4194030761719,55
39.08069,-95.3949,261.4163513183594,55
39.08069,-95.39437,261.0614624023438,55
39.08069,-95.39409,260.8763122558594,55
39.08069,-95.39397,260.8777465820312,55
39.08069,-95.39319,260.2904052734375,55
39.08069,-95.39227,260.2035522460938,55
39.08069,-95.39196,260.2733764648438,55
39.08069,-95.39173,260.3207092285156,55
39.08068,-95.39121,260.3877563476562,55
39.08069,-95.39082,260.4197692871094,55
39.08069,-95.39032,260.5451049804688,55
39.08069,-95.39019,260.5552062988281,55
39.08065,-95.38922,260.4519958496094,55
39.08061,-95.38873,260.5904235839844,55
39.08058,-95.38836,260.6092529296875,55
39.08048,-95.38756,260.7322082519531,55
39.08039,-95.38699,260.86669921875,55
39.08031,-95.38654,260.92919921875,55
39.08019,-95.38593,260.8199768066406,55
39.08012,-95.38565,260.838623046875,55
39.08008,-95.3855,260.9010620117188,55
39.07999,-95.38512,260.8497619628906,55
39.07989,-95.38477,260.8117370605469,55
39.07978,-95.38441,260.8419494628906,55
39.07948,-95.38345,260.6730041503906,55
39.07911,-95.38222,260.7005310058594,55
39.07904,-95.38201,260.6525268554688,0
39.07866,-95.38202,260.0816955566406,45
39.07819,-95.38201,259.6714477539062,45
39.07788,-95.38201,259.5483703613281,45
39.07692,-95.38201,259.3981628417969,45
39.07667,-95.38201,259.2319946289062,45
39.07623,-95.38201,259.3358459472656,45
39.07605,-95.38201,259.2650146484375,45
39.07426,-95.382,258.9825439453125,45
39.07397,-95.382,258.9583740234375,45
39.07299,-95.38199,259.1422424316406,45
39.0726,-95.38198,259.0325622558594,45
39.07228,-95.38198,258.8504943847656,45
39.0721,-95.38198,258.9151306152344,45
39.07156,-95.38198,260.2407836914062,45
39.07154,-95.38198,260.2969055175781,45
39.0712,-95.38199,260.5776977539062,45
39.07113,-95.38198,260.4390563964844,45
39.07061,-95.38199,259.8413391113281,45
39.07043,-95.38199,259.63330078125,45
39.07021,-95.38199,259.3167419433594,45
39.06987,-95.38199,258.8533325195312,0
39.06954,-95.38199,258.4246215820312,55
39.06913,-95.38198,258.0363159179688,55
39.06895,-95.38198,258.0194091796875,55
39.06875,-95.38198,257.9561157226562,55
39.06829,-95.38198,257.8768615722656,55
39.06789,-95.38197,257.9502563476562,55
39.06768,-95.38197,257.9486694335938,55
39.06735,-95.38197,257.9967041015625,55
39.06659,-95.38197,257.9624328613281,55
39.06638,-95.38196,258.002685546875,55
39.06492,-95.38196,257.9022827148438,55
39.06478,-95.38196,257.9440002441406,55
39.06269,-95.38195,257.9117126464844,55
39.06255,-95.38194,257.9801330566406,55
39.06235,-95.38195,258.1343688964844,55
39.06195,-95.38196,257.9718017578125,55
39.06181,-95.38197,257.8694458007812,55
39.06162,-95.38199,257.8837585449219,55
39.06145,-95.38202,257.83056640625,55
39.06128,-95.38205,257.9628295898438,55
39.06111,-95.3821,257.7213134765625,55
39.06058,-95.38227,257.8868103027344,55
39.06027,-95.38237,257.9488525390625,55
39.05992,-95.38249,257.9226684570312,55
39.05955,-95.38262,257.869384765625,55
39.05869,-95.38291,258.0343933105469,55
39.05693,-95.3835,258.0169372558594,55
39.0564,-95.38368,258.066650390625,55
39.05602,-95.38381,258.0376892089844,55
39.05545,-95.384,257.9875793457031,55
39.05521,-95.38408,258.0628356933594,55
39.05479,-95.38422,258.1434936523438,55
39.05458,-95.38429,258.1697692871094,55
39.05424,-95.38441,258.2328186035156,55
39.05421,-95.38442,258.2269287109375,55
39.05391,-95.38452,258.5620422363281,55
39.05369,-95.3846,258.6956481933594,55
39.05354,-95.38466,258.86669921875,55
39.05352,-95.38467,258.9002380371094,55
39.05334,-95.38475,259.0743408203125,55
39.05312,-95.38485,259.5104370117188,55
39.05277,-95.38506,260.0639953613281,55
39.05255,-95.3852,260.5315551757812,55
39.05178,-95.38573,261.85302734375,55
39.05146,-95.38596,261.8070373535156,55
39.05035,-95.38673,254.1822814941406,55
39.04909,-95.38761,251.7764892578125,40
39.04883,-95.38779,251.0221862792969,40
39.04789,-95.38844,251.2005767822266,40
39.04761,-95.38862,259.2161560058594,40
39.04741,-95.38875,265.462158203125,40
39.04733,-95.38881,268.7987670898438,40
39.04722,-95.38889,269.0733642578125,40
39.04707,-95.38899,269.0114440917969,40
39.047,-95.38904,268.9191589355469,40
39.04686,-95.38912,268.8507690429688,40
39.04675,-95.38919,268.7235412597656,40
39.04674,-95.38919,268.7743225097656,40
39.0466,-95.38927,268.7416687011719,40
39.04649,-95.38933,268.7012023925781,40
39.04631,-95.38941,268.6285095214844,40
39.04614,-95.38947,268.3830871582031,40
39.04589,-95.38955,268.1630554199219,40
39.04575,-95.38959,268.0653991699219,40
39.04559,-95.38964,267.8526916503906,40
39.04539,-95.38968,267.6488037109375,40
39.04527,-95.38971,267.5775146484375,40
39.04484,-95.38983,267.2603454589844,40
39.04477,-95.38985,267.1587829589844,40
39.04466,-95.38992,266.8293151855469,40
39.04465,-95.38992,266.8330688476562,40
39.04425,-95.39002,266.5677185058594,40
39.04412,-95.39006,266.6177978515625,40
39.04336,-95.39023,265.8631286621094,40
39.04311,-95.39029,265.6675415039062,40
39.04285,-95.39031,265.7811279296875,40
39.04267,-95.39036,265.7421264648438,40
39.04197,-95.39053,267.2759704589844,40
39.04156,-95.39063,268.7409362792969,40
39.04091,-95.39079,271.0190734863281,40
39.04085,-95.3908,271.3019409179688,40
39.04073,-95.39083,271.5593872070312,40
39.0401,-95.39099,273.1390991210938,40
39.03959,-95.39111,273.9546813964844,40
39.03947,-95.39114,273.9693603515625,40
39.03938,-95.39116,274.0738525390625,40
39.03923,-95.39118,274.1597290039062,40
39.03907,-95.3912,274.2517395019531,40
39.03906,-95.3912,274.2504272460938,40
39.03893,-95.39121,274.2703247070312,40
39.03861,-95.39122,274.3655090332031,40
39.03785,-95.39122,274.6721801757812,40
39.03697,-95.39122,274.9047546386719,40
39.03678,-95.39122,275.0140380859375,0
39.03508,-95.39122,276.9849548339844,55
39.0349,-95.39122,277.2936706542969,55
39.03454,-95.39122,278.1540832519531,55
39.03436,-95.39122,278.7605590820312,55
39.03382,-95.39122,281.1168518066406,55
39.03307,-95.39123,285.7460327148438,55
39.03155,-95.39123,295.484130859375,55
39.03101,-95.39124,297.9114379882812,55
39.03047,-95.39124,299.280029296875,55
39.03003,-95.39124,299.9017333984375,55
39.02971,-95.39125,300.3924255371094,55
39.02956,-95.39125,300.6250305175781,55
39.02701,-95.39127,304.43359375,55
39.02647,-95.39127,304.4429321289062,55
39.02572,-95.39128,303.176513671875,55
39.02518,-95.39128,302.3598937988281,55
39.02478,-95.39129,302.3249206542969,55
39.02383,-95.39129,302.8046569824219,55
39.02271,-95.39131,301.8685607910156,55
39.02217,-95.39132,302.5757751464844,55
39.02148,-95.39132,304.5833740234375,55
39.02127,-95.39133,305.0527954101562,55
39.02073,-95.39133,305.7095642089844,55
39.02055,-95.39134,305.7228698730469,55
39.02019,-95.39134,305.4403991699219,55
39.02018,-95.39134,305.4241333007812,55
39.02001,-95.39134,305.1759643554688,55
39.01983,-95.39135,304.8106384277344,55
39.01876,-95.39136,301.5560607910156,55
39.01875,-95.39136,301.5319519042969,55
39.01841,-95.39136,300.9519958496094,55
39.01821,-95.39137,300.9039306640625,55
39.01804,-95.39137,300.8763732910156,55
39.01749,-95.39138,301.5196228027344,55
39.01648,-95.3914,304.4006958007812,55
39.01584,-95.39141,305.2445678710938,55
39.0153,-95.39141,305.0042419433594,55
39.01482,-95.39142,303.7978515625,55
39.01476,-95.39142,303.6030578613281,55
39.01386,-95.39141,300.1465148925781,55
39.01332,-95.39141,298.7955322265625,55
39.01242,-95.39141,297.599853515625,55
39.01144,-95.3914,295.5247497558594,55
39.01134,-95.3914,295.340576171875,55
39.01098,-95.3914,294.9659729003906,55
39.00936,-95.39139,294.9226379394531,55
39.008,-95.39138,296.1961364746094,55
39.00775,-95.39138,296.4978637695312,55
39.00721,-95.39138,297.4454956054688,55
39.0071,-95.39137,297.7851867675781,55
39.00638,-95.39137,300.146484375,55
39.00595,-95.39137,301.2521362304688,55
39.00566,-95.39137,301.7044372558594,55
39.00458,-95.39136,302.0841674804688,55
39.00451,-95.39136,302.196044921875,55
39.00416,-95.39136,302.8911437988281,55
39.00383,-95.39135,303.736083984375,55
39.00361,-95.39133,304.1625366210938,55
39.00336,-95.39128,304.8675537109375,55
39.00309,-95.39121,305.3778381347656,55
39.00277,-95.39108,306.1004333496094,55
39.00269,-95.39103,306.3258972167969,55
39.00257,-95.39101,306.5981140136719,55
39.0024,-95.39091,307.0703430175781,55
39.00232,-95.39085,307.272216796875,55
39.00226,-95.39082,307.4740600585938,0
39.0022,-95.39078,307.6069946289062,0
39.00213,-95.39073,307.7993774414062,0
39.00207,-95.39068,307.9837951660156,0
39.00201,-95.39063,308.1103515625,0
39.00177,-95.39041,308.8118286132812,45
39.0017,-95.39051,309.2837524414062,45
39.00165,-95.39058,309.5990295410156,45
39.00157,-95.39068,310.2159423828125,45
39.00148,-95.39077,310.7908630371094,45
39.00144,-95.39082,311.0266723632812,45
39.00134,-95.39092,311.4740600585938,45
39.00116,-95.39107,312.4137268066406,45
39.00098,-95.39118,312.7822265625,45
39.00078,-95.39126,313.3753662109375,45
39.00065,-95.3913,313.5772399902344,45
39.00047,-95.39133,313.9356079101562,45
39.00029,-95.39133,313.9458312988281,45
39.00018,-95.39133,313.8799438476562,45
39.00009,-95.39133,313.8424072265625,45
39.00007,-95.39133,313.8349609375,45
38.99992,-95.39133,313.7318420410156,45
38.9999,-95.39133,313.7439575195312,45
38.99978,-95.39133,314.3682250976562,45
38.99929,-95.39133,314.806396484375,45
38.99911,-95.39132,315.7002258300781,45
38.99858,-95.39132,318.8905029296875,45
38.9984,-95.39132,319.9631958007812,45
38.99678,-95.3913,329.1468505859375,45
38.9966,-95.3913,330.1204528808594,45
38.99624,-95.39129,331.8572387695312,45
38.99588,-95.39129,332.505615234375,45
38.99552,-95.39129,332.5950622558594,45
38.99521,-95.39128,331.8435668945312,45
38.99516,-95.39128,331.6390380859375,45
38.99462,-95.39128,328.5709838867188,45
38.99441,-95.39127,326.8722229003906,45
38.9939,-95.39127,322.5049743652344,45
38.99354,-95.39127,320.8693542480469,45
38.99318,-95.39127,320.9898376464844,45
38.99318,-95.39161,322.3889465332031,0
38.99318,-95.392,324.2006225585938,55
38.99318,-95.39269,327.6436767578125,55
38.99318,-95.393,329.257080078125,55
38.99318,-95.39346,331.8337707519531,55
38.99318,-95.3938,333.959716796875,55
38.99318,-95.39461,338.5370178222656,55
38.99318,-95.39475,339.242919921875,55
38.99318,-95.39539,342.0513000488281,55
38.99318,-95.39544,342.2413330078125,55
38.99318,-95.39563,342.6579895019531,55
38.99319,-95.39572,342.75,55
38.99319,-95.3958,342.9139709472656,55
38.99319,-95.39587,343.0284729003906,55
38.99319,-95.3959,343.11279296875,55
38.99319,-95.39594,343.23876953125,55
38.9932,-95.39598,343.2457580566406,55
38.9932,-95.39607,343.4160766601562,55
38.99321,-95.39614,343.5299072265625,55
38.99323,-95.39631,343.7158508300781,55
38.99324,-95.39637,343.7725830078125,55
38.99325,-95.39644,343.7638549804688,55
38.99326,-95.3965,343.7907104492188,55
38.99328,-95.39659,343.7549438476562,55
38.99329,-95.39665,343.8227233886719,55
38.99333,-95.3968,343.6469421386719,55
38.99334,-95.39685,343.6142578125,55
38.99335,-95.3969,343.59716796875,55
38.99339,-95.39701,343.4508056640625,55
38.99339,-95.39703,343.475341796875,55
38.99343,-95.39714,343.2967834472656,55
38.99347,-95.39723,343.0987243652344,55
38.99349,-95.39729,343.0821228027344,55
38.99351,-95.39735,343.0614929199219,55
38.99354,-95.39741,342.8923034667969,55
38.99357,-95.39746,342.7325134277344,55
38.99363,-95.39758,342.5835571289062,55
38.99366,-95.39764,342.4774475097656,55
38.99371,-95.39771,342.247314453125,55
38.99375,-95.39779,342.1668701171875,55
38.99379,-95.39786,342.1103515625,55
38.99383,-95.39791,341.9559326171875,55
38.99386,-95.39796,341.9015197753906,55
38.99394,-95.39808,341.7449645996094,55
38.994,-95.39817,341.6165771484375,55
38.994,-95.39818,341.6115417480469,55
38.99408,-95.39829,341.3728332519531,55
38.99418,-95.39843,341.2282104492188,55
38.99431,-95.39861,341.2460632324219,55
38.99444,-95.3988,341.22265625,55
38.99459,-95.39901,341.0613403320312,55
38.99471,-95.39918,340.7821655273438,55
38.99486,-95.39939,340.4094848632812,55
38.99497,-95.39954,340.1868286132812,55
38.99517,-95.39982,339.8535461425781,55
38.99532,-95.40004,339.7088317871094,55
38.99547,-95.40024,339.6318054199219,55
38.99563,-95.40048,339.7573852539062,55
38.99586,-95.4008,340.3025817871094,55
38.99605,-95.40107,340.6977233886719,55
38.99607,-95.40111,340.7060241699219,55
38.99613,-95.40119,340.69921875,55
38.99622,-95.40132,340.5333251953125,55
38.99624,-95.40134,340.4973449707031,55
38.99634,-95.40148,340.2705078125,55
38.99642,-95.40161,339.964599609375,55
38.99644,-95.40163,339.9234924316406,55
38.99655,-95.40179,339.4848327636719,55
38.99668,-95.40197,339.1776733398438,55
38.99682,-95.40216,338.8346252441406,55
38.99684,-95.4022,338.7517700195312,55
38.99694,-95.40234,338.6182556152344,55
38.99711,-95.40257,338.5135803222656,55
38.99718,-95.40267,338.5291748046875,55
38.99721,-95.40271,338.5255737304688,55
38.99726,-95.40279,338.567138671875,55
38.9974,-95.40299,338.8819885253906,55
38.99742,-95.40302,338.943115234375,55
38.99745,-95.40305,339.1002197265625,55
38.99751,-95.40315,339.3082580566406,55
38.99766,-95.40335,339.8788452148438,55
38.9978,-95.40354,340.4323425292969,55
38.99786,-95.40363,340.6879577636719,55
38.99791,-95.4037,340.84423828125,55
38.99793,-95.40373,340.9562683105469,55
38.99802,-95.40385,341.0820922851562,55
38.99812,-95.40401,340.9892272949219,55
38.99815,-95.40405,341.0259399414062,55
38.99816,-95.40408,340.9144287109375,55
38.99817,-95.40408,340.9579162597656,55
38.99823,-95.40418,340.778076171875,55
38.9983,-95.40429,340.5196838378906,55
38.99835,-95.40436,340.3417358398438,55
38.99837,-95.40441,340.1710815429688,55
38.99839,-95.40444,340.1194152832031,55
38.99843,-95.40452,339.890625,55
38.99845,-95.40456,339.7548522949219,55
38.99848,-95.40462,339.6529235839844,55
38.99849,-95.40464,339.6159362792969,55
38.99854,-95.40476,339.3305969238281,55
38.99858,-95.40484,339.198486328125,55
38.9986,-95.40491,338.9968872070312,55
38.99863,-95.40497,339.0075073242188,55
38.99866,-95.40507,338.8338012695312,55
38.99869,-95.40516,338.7128601074219,55
38.99871,-95.40522,338.6821899414062,55
38.99872,-95.40525,338.6753845214844,55
38.99874,-95.40532,338.5610656738281,55
38.99876,-95.40538,338.5000915527344,55
38.99877,-95.40545,338.4786071777344,55
38.99879,-95.40553,338.4879760742188,55
38.99881,-95.40563,338.5144653320312,55
38.99881,-95.40566,338.5397033691406,55
38.99882,-95.40571,338.6138916015625,55
38.99883,-95.40574,338.6687316894531,55
38.99884,-95.40586,338.7533264160156,55
38.99885,-95.40595,338.8992004394531,55
38.99885,-95.40599,338.976806640625,55
38.99886,-95.40607,339.1295471191406,55
38.99886,-95.40608,339.1448059082031,55
38.99886,-95.40612,339.2159423828125,55
38.99886,-95.40619,339.3695068359375,55
38.99887,-95.40632,339.7353210449219,55
38.99887,-95.40642,339.9454345703125,55
38.99886,-95.40663,340.4069519042969,55
38.99885,-95.40677,340.6705627441406,55
38.99884,-95.40688,340.9117736816406,55
38.99883,-95.40697,341.0798034667969,55
38.99881,-95.40708,341.4262390136719,55
38.99879,-95.40718,341.5801696777344,55
38.99876,-95.40731,341.8673400878906,55
38.99869,-95.40756,342.3703308105469,55
38.99863,-95.4078,342.6326599121094,55
38.99857,-95.40801,342.9382019042969,55
38.99853,-95.40814,343.3274841308594,55
38.99852,-95.40818,343.3571166992188,55
38.9985,-95.40826,343.3049621582031,55
38.99846,-95.4084,343.5718383789062,55
38.99843,-95.40848,343.7026062011719,55
38.99841,-95.40857,343.8384399414062,55
38.99838,-95.40868,343.7471923828125,55
38.99833,-95.40886,343.8687133789062,55
38.99829,-95.40899,343.9361877441406,55
38.99829,-95.40901,343.9081726074219,55
38.99827,-95.40905,343.9908447265625,55
38.99826,-95.40911,343.8929138183594,55
38.99824,-95.40918,343.8711547851562,55
38.99823,-95.40926,343.7461547851562,55
38.99821,-95.40933,343.7049560546875,55
38.99819,-95.40941,343.6307373046875,55
38.99817,-95.40953,343.5696105957031,55
38.99816,-95.40965,343.45068359375,55
38.99815,-95.40975,343.3381042480469,55
38.99813,-95.40991,343.224365234375,55
38.99812,-95.41011,342.857177734375,55
38.99812,-95.4102,342.7503967285156,55
38.99812,-95.41033,342.5770263671875,55
38.99812,-95.41042,342.4696655273438,55
38.99813,-95.41057,342.3855590820312,55
38.99813,-95.41068,342.4013366699219,55
38.99815,-95.4108,342.1203308105469,55
38.99816,-95.41096,342.0591125488281,55
38.99818,-95.41107,341.9297790527344,55
38.9982,-95.41121,341.7446594238281,55
38.99822,-95.41131,341.7950134277344,55
38.99826,-95.41146,341.46728515625,55
38.99831,-95.41164,341.3105773925781,55
38.99835,-95.41181,341.3405456542969,55
38.99839,-95.41191,341.1828918457031,55
38.99842,-95.41199,341.198486328125,55
38.99845,-95.41207,341.0536499023438,55
38.99846,-95.4121,341.0535888671875,55
38.9985,-95.4122,340.9423217773438,55
38.99854,-95.41228,340.7950439453125,55
38.99856,-95.41233,340.8027954101562,55
38.9986,-95.41242,340.7008361816406,55
38.99865,-95.41251,340.5186157226562,55
38.99872,-95.41265,340.3931579589844,55
38.99873,-95.41267,340.3569641113281,55
38.99883,-95.41286,340.1842956542969,55
38.99887,-95.41293,340.0897521972656,55
38.99895,-95.41309,340.0192565917969,55
38.99903,-95.41325,339.9269714355469,55
38.99909,-95.41337,339.791015625,55
38.99912,-95.41344,339.7389526367188,55
38.99921,-95.41362,339.7622680664062,55
38.99924,-95.41369,339.6673583984375,55
38.99928,-95.41379,339.6512145996094,55
38.99931,-95.41384,339.7020568847656,55
38.99932,-95.41387,339.6395263671875,55
38.99936,-95.41397,339.7809448242188,55
38.99939,-95.41405,339.497314453125,55
38.99942,-95.41414,339.6958618164062,55
38.99945,-95.41422,339.5653381347656,55
38.99946,-95.41426,339.6309509277344,55
38.99948,-95.41431,339.5117492675781,55
38.9995,-95.41437,339.52880859375,55
38.99952,-95.41445,339.5545959472656,55
38.99953,-95.41447,339.48681640625,55
38.99957,-95.41462,339.6267700195312,55
38.99959,-95.41473,339.4474792480469,55
38.99963,-95.41487,339.5143127441406,55
38.99964,-95.41495,339.4892578125,55
38.99967,-95.41509,339.6299743652344,55
38.99969,-95.41519,339.4711608886719,55
38.99971,-95.41537,339.7441711425781,55
38.99974,-95.41556,339.5731811523438,55
38.99976,-95.41571,339.6094665527344,55
38.99978,-95.4159,339.4983520507812,55
38.9998,-95.41604,339.3833312988281,55
38.99984,-95.41636,338.8858642578125,55
38.99992,-95.41696,337.8702392578125,55
38.99999,-95.41744,337.0631713867188,55
39.00002,-95.4177,336.7682189941406,55
39.00003,-95.41773,336.7466125488281,55
39.00006,-95.41796,336.6095886230469,55
39.00007,-95.41807,336.6704406738281,55
39.0001,-95.41831,336.6164245605469,55
39.00014,-95.41862,336.46826171875,55
39.00018,-95.41889,336.2827758789062,55
39.00021,-95.4191,336.14013671875,55
39.00021,-95.41914,336.2266235351562,55
39.00023,-95.41932,336.3500671386719,55
39.00023,-95.41933,336.3509216308594,55
39.00025,-95.41949,336.0940551757812,55
39.00027,-95.41962,336.5070190429688,55
39.00028,-95.41973,336.5381164550781,55
39.00029,-95.41983,336.4234924316406,55
39.00029,-95.41988,336.4821472167969,55
39.00029,-95.41993,336.5768127441406,55
39.00029,-95.41999,336.63916015625,55
39.00029,-95.42005,336.6878356933594,55
39.00029,-95.42015,336.7690124511719,55
39.00029,-95.42023,336.8323059082031,55
39.00026,-95.42083,337.3683776855469,55
39.00026,-95.42097,337.4488220214844,55
39.00025,-95.42116,337.4905395507812,55
39.00024,-95.42136,337.4458618164062,55
39.00023,-95.42147,337.3742980957031,55
39.00022,-95.42159,337.2649841308594,55
39.00022,-95.42173,336.9948425292969,55
39.0002,-95.42205,336.3704223632812,55
39.00018,-95.42234,335.89501953125,55
39.00017,-95.42273,335.1730651855469,55
39.00017,-95.42275,335.1439819335938,55
39.00016,-95.42288,335.0784301757812,55
39.00016,-95.42304,334.8970642089844,55
39.00016,-95.42321,334.7319641113281,55
39.00016,-95.42336,334.7166137695312,55
39.00016,-95.42344,334.7127990722656,55
39.00016,-95.42351,334.7079162597656,55
39.00016,-95.42363,334.8013305664062,55
39.00016,-95.42373,334.9018859863281,55
39.00017,-95.42406,335.3427734375,55
39.00017,-95.42414,335.5096130371094,55
39.00018,-95.42436,335.8506774902344,55
39.00019,-95.42466,336.2934265136719,55
39.0002,-95.42502,337.0637512207031,55
39.00021,-95.42529,337.5594482421875,55
39.00022,-95.42557,337.8844299316406,55
39.00023,-95.42582,337.738037109375,55
39.00024,-95.42599,337.5273132324219,55
39.00024,-95.42609,337.4391479492188,55
39.00025,-95.42626,337.2749328613281,55
39.00025,-95.42652,336.7915344238281,55
39.00027,-95.42685,335.9900512695312,55
39.00027,-95.42697,335.7790222167969,55
39.00028,-95.42716,335.4917907714844,55
39.00029,-95.42737,335.085205078125,55
39.00029,-95.42739,335.0498962402344,55
39.00029,-95.42756,334.7749328613281,55
39.0003,-95.42761,334.69287109375,55
39.0003,-95.42777,334.6835632324219,55
39.0003,-95.42784,334.7847290039062,55
39.00031,-95.42807,335.0292358398438,55
39.00032,-95.42833,335.5127563476562,55
39.00033,-95.42852,335.8846435546875,55
39.00035,-95.42926,337.8560791015625,55
39.00036,-95.42944,338.1597290039062,55
39.00036,-95.42945,338.1707153320312,55
39.00037,-95.42974,338.7024230957031,55
39.00038,-95.43014,339.1456604003906,55
39.00039,-95.43037,339.1362915039062,55
39.00039,-95.43041,339.1232299804688,55
39.0004,-95.43074,338.712890625,55
39.0004,-95.43083,338.6615600585938,55
39.00041,-95.43106,338.2947692871094,55
39.00041,-95.43108,338.2551574707031,55
39.00041,-95.43129,337.5715637207031,55
39.00042,-95.43138,337.2565002441406,55
39.00042,-95.43151,336.7713317871094,55
39.00042,-95.43164,336.3196716308594,55
39.00042,-95.43187,335.5150146484375,55
39.00042,-95.43199,335.1113586425781,55
39.00043,-95.43211,334.7933349609375,55
39.00043,-95.43244,334.7506103515625,55
39.00043,-95.43245,334.7630615234375,55
39.00043,-95.43265,335.1768798828125,55
39.00044,-95.433,335.9620971679688,55
39.00044,-95.43326,336.5953674316406,55
39.00044,-95.43334,336.7920837402344,55
39.00044,-95.43362,337.3487243652344,55
39.00044,-95.43374,337.5358581542969,55
39.00044,-95.43381,337.6126098632812,55
39.00044,-95.43397,337.8908081054688,55
39.00044,-95.43407,338.0361938476562,55
39.00045,-95.4343,338.213134765625,55
39.00045,-95.43451,338.3406372070312,55
39.00045,-95.43475,338.4452819824219,55
39.00045,-95.43494,338.4892272949219,55
39.00045,-95.43525,338.5104675292969,55
39.00046,-95.43553,338.4394836425781,55
39.00046,-95.43574,338.5348205566406,55
39.00046,-95.43595,338.6540832519531,55
39.00046,-95.43619,338.7915954589844,55
39.00047,-95.43651,338.9112854003906,55
39.00047,-95.43671,338.9567565917969,55
39.00047,-95.4369,339.04931640625,55
39.00047,-95.43714,339.1051025390625,55
39.00047,-95.43723,339.1443481445312,55
39.00048,-95.43729,339.0758056640625,55
39.00048,-95.43739,339.1452331542969,55
39.00049,-95.43746,339.1001281738281,55
39.0005,-95.43756,339.0846557617188,55
39.00051,-95.43766,339.1149291992188,55
39.00052,-95.43774,339.1295471191406,55
39.00053,-95.43782,339.2116394042969,55
39.00055,-95.43791,339.26025390625,55
39.00056,-95.43796,339.2551879882812,55
39.00057,-95.43799,339.2168579101562,55
39.00058,-95.43804,339.2369995117188,55
39.00059,-95.43811,339.348388671875,55
39.0006,-95.43816,339.3446350097656,55
39.00062,-95.43821,339.313720703125,55
39.00064,-95.43829,339.4093627929688,55
39.00068,-95.4384,339.4516296386719,55
39.00071,-95.43848,339.4320678710938,55
39.00074,-95.43857,339.5225830078125,55
39.00077,-95.43866,339.521484375,55
39.00081,-95.43878,339.4495849609375,55
39.00087,-95.43895,339.3675537109375,55
39.00095,-95.43916,339.2618408203125,55
39.001,-95.43931,339.2101440429688,55
39.00104,-95.4394,339.1791381835938,55
39.00106,-95.43948,339.1148986816406,55
39.00116,-95.43974,338.6597900390625,55
39.00125,-95.43999,338.2185974121094,55
39.00133,-95.4402,337.8344421386719,55
39.00137,-95.44031,337.616455078125,55
39.0014,-95.44039,337.5009155273438,55
39.00146,-95.44056,337.1395874023438,55
39.00151,-95.44069,336.8922119140625,55
39.00164,-95.44104,335.9905395507812,55
39.00173,-95.4413,335.3072814941406,55
39.00175,-95.44136,335.2931213378906,55
39.00183,-95.44157,334.9505920410156,55
39.00194,-95.44186,334.7908325195312,55
39.00199,-95.44199,334.819580078125,55
39.00204,-95.44213,334.9367370605469,55
39.00214,-95.44241,335.1705017089844,55
39.00223,-95.44265,335.5849609375,55
39.00233,-95.44293,336.0360107421875,55
39.00239,-95.44311,336.2420043945312,55
39.00243,-95.44319,336.3529968261719,55
39.00245,-95.44325,336.3843383789062,55
39.00247,-95.44331,336.453125,55
39.00251,-95.44342,336.4829406738281,55
39.00252,-95.44346,336.5350646972656,55
39.00255,-95.44353,336.4852905273438,55
39.00264,-95.44378,336.6528015136719,55
39.00274,-95.44406,336.6650695800781,55
39.00278,-95.44415,336.75244140625,55
39.00282,-95.44428,336.7626037597656,55
39.0029,-95.44449,336.7369384765625,55
39.00298,-95.44469,336.8591918945312,55
39.00305,-95.44488,336.899658203125,55
39.00306,-95.44492,336.8505554199219,55
39.0031,-95.44501,337.0518493652344,55
39.00313,-95.44512,337.1472778320312,55
39.00314,-95.44513,337.1647644042969,55
39.00318,-95.44524,337.1418762207031,55
39.00325,-95.44543,337.3470764160156,55
39.0033,-95.44556,337.5060119628906,55
39.00334,-95.44568,337.5805358886719,55
39.00339,-95.4458,337.6020202636719,55
39.00343,-95.44593,337.769287109375,55
39.00347,-95.44604,337.886962890625,55
39.0035,-95.44611,337.9953918457031,55
39.00355,-95.44624,338.0770874023438,55
39.00364,-95.44648,338.3274230957031,55
39.00373,-95.44674,338.5140686035156,55
39.00378,-95.44687,338.677978515625,55
39.00384,-95.44706,338.7596130371094,55
39.0039,-95.44723,338.8971862792969,55
39.00394,-95.44738,338.7933044433594,55
39.004,-95.44759,339.0368347167969,55
39.00405,-95.44779,339.0684509277344,55
39.00408,-95.44793,338.9679870605469,55
39.00412,-95.44808,339.0943603515625,55
39.00421,-95.44846,339.4867248535156,55
39.0043,-95.44882,339.6145935058594,55
39.0044,-95.44925,339.7957458496094,55
39.00444,-95.44943,339.861572265625,55
39.00448,-95.44956,339.8317260742188,55
39.00453,-95.44981,340.051025390625,55
39.00462,-95.45015,340.4818725585938,55
39.00471,-95.45051,340.9001159667969,55
39.00476,-95.45072,341.1458740234375,55
39.00484,-95.45106,341.3516235351562,55
39.00486,-95.45117,341.3175659179688,55
39.00487,-95.45119,341.354248046875,55
39.00491,-95.45137,341.2711486816406,55
39.00494,-95.45148,341.1632995605469,55
39.00496,-95.45158,341.0848693847656,55
39.00497,-95.45161,341.0651245117188,55
39.00501,-95.4518,340.7196350097656,55
39.00504,-95.45191,340.5021362304688,55
39.00506,-95.45199,340.3785400390625,55
39.0051,-95.45217,340.0257568359375,55
39.00513,-95.45229,339.7471923828125,55
39.00516,-95.45244,339.5128784179688,55
39.0052,-95.45258,339.2554321289062,55
39.00523,-95.45272,338.9129333496094,55
39.00527,-95.45286,338.6153869628906,55
39.0053,-95.45299,338.3442993164062,55
39.00532,-95.45307,338.1910095214844,55
39.00534,-95.45318,337.9782409667969,55
39.00539,-95.45337,337.57861328125,55
39.00542,-95.45348,337.3863525390625,55
39.00549,-95.45377,336.8539428710938,55
39.00553,-95.45394,336.5551147460938,55
39.00555,-95.45405,336.5668334960938,55
39.0056,-95.45427,336.3808288574219,55
39.00566,-95.4545,336.169189453125,55
39.00568,-95.45459,336.0541687011719,55
39.00571,-95.45472,336.0105285644531,55
39.00574,-95.45483,335.9374389648438,55
39.00576,-95.45494,335.9290466308594,55
39.00581,-95.45515,335.8438415527344,55
39.00586,-95.45536,335.8556213378906,55
39.00591,-95.45557,335.7996215820312,55
39.00595,-95.45571,335.725341796875,55
39.006,-95.45592,335.5850524902344,55
39.00603,-95.45604,335.3642272949219,55
39.00605,-95.45615,335.3058166503906,55
39.00608,-95.45626,335.1396484375,55
39.00611,-95.45638,334.9806823730469,55
39.00616,-95.45657,334.6842651367188,55
39.0062,-95.45672,334.5450744628906,55
39.00622,-95.45682,334.3332214355469,55
39.00625,-95.45693,334.3119201660156,55
39.00628,-95.45702,334.06787109375,55
39.00631,-95.45714,333.9665222167969,55
39.00636,-95.4573,333.7456359863281,55
39.00639,-95.45742,333.6958923339844,55
39.00641,-95.45748,333.59521484375,55
39.00642,-95.45753,333.5223388671875,55
39.00643,-95.45758,333.5767517089844,55
39.00645,-95.45763,333.584228515625,55
39.00646,-95.45768,333.5349731445312,55
39.00649,-95.45779,333.5417785644531,55
39.00652,-95.45789,333.4676513671875,55
39.00656,-95.45801,333.4709167480469,55
39.00659,-95.45813,333.5597229003906,55
39.00662,-95.45824,333.4584350585938,55
39.00665,-95.45832,333.5607604980469,55
39.00667,-95.45839,333.5140380859375,55
39.00668,-95.45845,333.570068359375,55
39.00671,-95.45853,333.6137084960938,55
39.00675,-95.45868,333.7882690429688,55
39.00679,-95.45882,333.8384399414062,55
39.00684,-95.45899,333.9932556152344,55
39.00688,-95.45912,334.0830993652344,55
39.00691,-95.45926,334.2617797851562,55
39.00702,-95.45963,334.8170776367188,55
39.00708,-95.45983,335.07666015625,55
39.00711,-95.45995,335.3099060058594,55
39.00713,-95.46002,335.399169921875,55
39.00716,-95.4601,335.5194702148438,55
39.00718,-95.46019,335.6115417480469,55
39.00722,-95.46032,335.9095458984375,55
39.00724,-95.4604,336.0351257324219,55
39.00725,-95.46043,336.1510620117188,55
39.00728,-95.46055,336.1681823730469,55
39.00732,-95.4607,336.3121948242188,55
39.00735,-95.46081,336.2974853515625,55
39.00737,-95.46092,336.1129455566406,55
39.0074,-95.46106,336.1727600097656,55
39.00742,-95.46115,335.9674072265625,55
39.00743,-95.46128,335.8600158691406,55
39.00744,-95.46139,335.7943115234375,55
39.00745,-95.46142,335.8600769042969,55
39.00745,-95.46147,335.8389587402344,55
39.00746,-95.46158,335.6710510253906,55
39.00747,-95.46169,335.4577026367188,55
39.00747,-95.46178,335.3453979492188,55
39.00748,-95.46184,335.1631164550781,55
39.00748,-95.46194,335.4539184570312,55
39.00748,-95.46198,335.4776306152344,55
39.00749,-95.46205,335.5274658203125,55
39.00749,-95.46215,335.5445861816406,55
39.0075,-95.46225,335.6011962890625,55
39.0075,-95.46237,335.6766967773438,55
39.00751,-95.46252,335.7850646972656,55
39.00751,-95.4626,335.8622131347656,55
39.00752,-95.46269,335.9500427246094,55
39.00752,-95.46275,336.0315551757812,55
39.00753,-95.46282,336.0350341796875,55
39.00753,-95.46288,336.0818786621094,55
39.00753,-95.46294,336.1340637207031,55
39.00754,-95.46305,336.1668701171875,55
39.00755,-95.46312,336.1751403808594,55
39.00755,-95.46313,336.17626953125,55
39.00756,-95.46318,336.1584777832031,55
39.00757,-95.46323,336.0892944335938,55
39.00758,-95.46327,335.9796752929688,55
39.00759,-95.46331,335.9957580566406,55
39.00759,-95.46335,335.9950866699219,55
39.00759,-95.46336,335.9941101074219,55
39.0076,-95.4634,335.9606628417969,55
39.00762,-95.46346,335.8231201171875,55
39.00765,-95.4636,335.7231140136719,55
39.00768,-95.46369,335.6224975585938,55
39.0077,-95.46378,335.559814453125,55
39.00771,-95.4638,335.5299987792969,55
39.00773,-95.46385,335.3884887695312,55
39.00779,-95.46403,335.0955200195312,55
39.00788,-95.46431,335.0393371582031,55
39.00793,-95.46446,335.0700073242188,55
39.00793,-95.46447,335.0624084472656,55
39.008,-95.46467,335.1902770996094,55
39.008,-95.46469,335.1917724609375,55
39.00806,-95.46486,335.3613891601562,55
39.00809,-95.46497,335.4524230957031,55
39.00813,-95.4651,335.6506652832031,55
39.00814,-95.46511,335.6537475585938,55
39.00819,-95.46529,335.7688903808594,55
39.00823,-95.46542,335.9503479003906,55
39.00826,-95.46554,335.9713439941406,55
39.00827,-95.46559,336.0727233886719,55
39.00832,-95.46574,336.2686767578125,55
39.00838,-95.46595,336.5929260253906,55
39.00841,-95.46608,336.7340087890625,55
39.00845,-95.4662,336.8887634277344,55
39.00848,-95.46632,337.0968627929688,55
39.00852,-95.46646,337.2272338867188,55
39.00854,-95.46656,337.4171447753906,55
39.00858,-95.46667,337.6618347167969,55
39.00861,-95.46681,337.8655700683594,55
39.00865,-95.46694,338.1688232421875,55
39.00868,-95.46706,338.5133361816406,55
39.00874,-95.46727,338.9173583984375,55
39.00878,-95.46742,339.1751098632812,55
39.0088,-95.4675,339.3638916015625,55
39.00882,-95.46757,339.4387512207031,55
39.00885,-95.4677,339.6387634277344,55
39.00886,-95.46772,339.6538696289062,55
39.00889,-95.46783,339.745361328125,55
39.00891,-95.46792,339.7437133789062,55
39.00892,-95.46794,339.7179870605469,55
39.00895,-95.46804,339.6724243164062,55
39.00898,-95.46815,339.6034545898438,55
39.00901,-95.46826,339.4352416992188,55
39.00906,-95.46844,339.2720947265625,55
39.00911,-95.46864,338.88525390625,55
39.00914,-95.46875,338.8710632324219,55
39.00918,-95.46889,338.7453308105469,55
39.00922,-95.46902,338.5354614257812,55
39.00925,-95.46915,338.4307556152344,55
39.00928,-95.46924,338.5285034179688,55
39.00929,-95.46928,338.5333557128906,55
39.00932,-95.46938,338.4693603515625,55
39.00934,-95.46946,338.7123107910156,55
39.00934,-95.46947,338.7318115234375,55
39.00937,-95.46958,338.8492736816406,55
39.0094,-95.46969,339.0881042480469,55
39.00943,-95.46979,339.35302734375,55
39.00945,-95.46988,339.5216979980469,55
39.00948,-95.46997,339.7546691894531,55
39.00949,-95.47002,339.9692993164062,55
39.00952,-95.47011,339.9611206054688,55
39.00954,-95.47019,340.2557373046875,55
39.00955,-95.47025,340.3343200683594,55
39.00957,-95.4703,340.3408813476562,55
39.00958,-95.47033,340.4020385742188,55
39.0096,-95.4704,340.5569763183594,55
39.00961,-95.47045,340.5865783691406,55
39.00965,-95.47059,340.8729553222656,55
39.00968,-95.47073,341.0963439941406,55
39.00972,-95.47086,341.18603515625,55
39.00975,-95.47099,341.3321228027344,55
39.00976,-95.471,341.3148803710938,55
39.00979,-95.47113,341.3645324707031,55
39.00981,-95.47121,341.3188781738281,55
39.00982,-95.47123,341.2789001464844,55
39.00985,-95.47134,341.2735900878906,55
39.00989,-95.4715,341.0722961425781,55
39.00992,-95.47161,340.920166015625,55
39.00993,-95.47165,340.8740234375,55
39.00997,-95.47179,340.6585693359375,55
39.00999,-95.47187,340.5854797363281,55
39.01002,-95.47195,340.4438171386719,55
39.01007,-95.47215,339.9903564453125,55
39.01012,-95.47235,339.6062316894531,55
39.01016,-95.47249,339.2870483398438,55
39.01022,-95.4727,338.8863830566406,55
39.01026,-95.47286,338.6420593261719,55
39.01029,-95.47296,338.5119323730469,55
39.01031,-95.47304,338.2471923828125,55
39.01034,-95.47315,338.1330261230469,55
39.01036,-95.47323,338.0305480957031,55
39.01037,-95.47324,338.0237121582031,55
39.01041,-95.47338,337.8324890136719,55
39.01053,-95.47383,337.4472351074219,55
39.01055,-95.47389,337.6176147460938,55
39.0106,-95.4741,337.749755859375,55
39.01067,-95.47435,338.0979614257812,55
39.01073,-95.47455,338.4349060058594,55
39.01088,-95.47509,339.4022521972656,55
39.01095,-95.47538,339.9955139160156,55
39.011,-95.47557,340.2066955566406,55
39.01102,-95.47563,340.2259216308594,55
39.01108,-95.47587,340.5910034179688,55
39.01111,-95.47598,340.6610412597656,55
39.01114,-95.47611,340.8971252441406,55
39.01117,-95.47625,340.8992919921875,55
39.01123,-95.47652,340.9849853515625,55
39.01132,-95.47698,340.6474304199219,55
39.0114,-95.47734,340.0556335449219,55
39.01146,-95.47763,339.1775817871094,55
39.01153,-95.47797,338.23876953125,55
39.0116,-95.47827,337.2532043457031,55
39.01165,-95.47854,336.6105041503906,55
39.0117,-95.47876,336.2697143554688,55
39.01176,-95.47904,335.6029968261719,55
39.01182,-95.47933,335.0695495605469,55
39.01182,-95.47935,335.0542602539062,55
39.01187,-95.47957,334.5266723632812,55
39.01192,-95.4798,333.7053527832031,55
39.01192,-95.47982,333.6545104980469,55
39.01197,-95.48005,332.7149047851562,55
39.01199,-95.48016,332.1065063476562,55
39.01201,-95.48027,331.5991821289062,55
39.01208,-95.48059,329.9696960449219,0
39.01215,-95.48091,328.6905212402344,45
39.01221,-95.48116,327.8772277832031,45
39.01225,-95.48136,327.5385437011719,45
39.01226,-95.48142,327.6771545410156,45
39.01231,-95.48164,327.6776733398438,45
39.01235,-95.48183,327.8235473632812,45
39.0124,-95.48203,328.0748291015625,45
39.0124,-95.48204,328.1513061523438,45
39.01243,-95.48221,328.8665771484375,45
39.01248,-95.48244,329.763671875,45
39.01254,-95.4827,331.2118225097656,45
39.01265,-95.48324,333.6395263671875,45
39.0127,-95.48349,334.0687866210938,45
39.01272,-95.48355,334.2420349121094,45
39.01281,-95.48399,334.9360961914062,45
39.01286,-95.48421,335.2134704589844,45
39.0129,-95.48443,335.4474182128906,45
39.01295,-95.48463,335.7289428710938,45
39.01298,-95.4848,335.8704833984375,45
39.01304,-95.48505,336.1803894042969,45
39.01308,-95.48526,336.3894958496094,45
39.01311,-95.4854,336.5514221191406,45
39.01315,-95.48559,336.7535705566406,45
39.01317,-95.48571,336.89453125,45
39.01318,-95.48578,336.9690856933594,45
39.01319,-95.48584,337.0711364746094,45
39.0132,-95.48592,337.1891784667969,45
39.01322,-95.486,337.2293395996094,45
39.01322,-95.48607,337.2628479003906,45
39.01322,-95.48608,337.2672424316406,45
39.01323,-95.48618,337.2825317382812,45
39.01324,-95.48628,337.3406677246094,45
39.01325,-95.48639,337.326904296875,45
39.01326,-95.48649,337.2952880859375,45
39.01327,-95.48656,337.2346801757812,45
39.01328,-95.48669,337.3159484863281,45
39.01328,-95.48677,337.3695068359375,45
39.0133,-95.48695,337.3798828125,45
39.01333,-95.48742,337.2785949707031,45
39.01338,-95.4881,337.1716003417969,45
39.01339,-95.48831,337.1196899414062,45
39.0134,-95.4884,337.1223754882812,45
39.01341,-95.48854,337.1277770996094,45
39.01342,-95.48874,337.1923522949219,45
39.01344,-95.48897,337.1658325195312,45
39.01346,-95.48926,337.09716796875,45
39.01348,-95.48954,336.8583068847656,45
39.01349,-95.48977,337.0792846679688,45
39.0135,-95.48987,337.1105346679688,45
39.01351,-95.49,337.0580139160156,45
39.01351,-95.49008,337.0983276367188,45
39.01352,-95.4902,337.034912109375,45
39.01352,-95.49032,337.2034912109375,45
39.01353,-95.49051,337.5229187011719,0
39.01353,-95.49067,337.6560363769531,0
39.01354,-95.49102,337.66796875,55
39.01354,-95.49129,337.5390319824219,55
39.01355,-95.49195,337.1201171875,55
39.01356,-95.49245,336.7413635253906,55
39.01357,-95.49293,336.3815002441406,55
39.01358,-95.49384,336.1035461425781,55
39.01358,-95.49389,336.0829772949219,55
39.01359,-95.49407,335.7193603515625,55
39.01359,-95.49446,335.2040710449219,55
39.0136,-95.49486,334.3961791992188,55
39.0136,-95.49504,333.9235534667969,55
39.0136,-95.49519,333.4867553710938,55
39.01361,-95.49546,332.4591064453125,55
39.01362,-95.49564,331.8791809082031,55
39.01363,-95.49583,331.2050170898438,55
39.01364,-95.49593,330.8061828613281,55
39.01366,-95.49611,330.2147521972656,55
39.01368,-95.49623,329.7510681152344,55
39.0137,-95.49632,329.418212890625,55
39.0137,-95.49634,329.3778381347656,55
39.01372,-95.49646,329.006103515625,55
39.01376,-95.49658,328.4222106933594,55
39.01379,-95.49672,327.9695739746094,55
39.01385,-95.49693,327.239013671875,55
39.01392,-95.49712,326.5628967285156,55
39.01398,-95.49727,326.2242431640625,55
39.01404,-95.4974,325.9527587890625,55
39.01409,-95.49751,325.8162536621094,55
39.01413,-95.4976,325.7139282226562,55
39.01417,-95.49767,325.5986328125,55
39.0142,-95.49773,325.5782165527344,55
39.01426,-95.49782,325.4566345214844,55
39.01431,-95.49791,325.3953552246094,55
39.01436,-95.49798,325.3186645507812,55
39.01441,-95.49807,325.3602905273438,55
39.01446,-95.49813,325.2515258789062,55
39.01447,-95.49815,325.2772216796875,55
39.01452,-95.49821,325.2168579101562,55
39.01458,-95.49828,325.1240234375,55
39.01465,-95.49838,325.162841796875,55
39.01473,-95.49846,325.0478515625,55
39.01478,-95.49851,324.9660949707031,55
39.01482,-95.49856,324.939697265625,55
39.01501,-95.49874,324.7079467773438,55
39.01537,-95.49906,323.6516723632812,55
39.01556,-95.49923,322.7254638671875,55
39.01573,-95.49939,321.7210693359375,55
39.01592,-95.49956,321.0382690429688,55
39.01602,-95.49965,321.0669250488281,55
39.01609,-95.49971,321.1050720214844,55
39.01617,-95.49978,321.2854919433594,55
39.01632,-95.49992,321.9310913085938,55
39.01633,-95.49992,321.9859924316406,55
39.01651,-95.50009,322.8337097167969,55
39.01671,-95.50026,323.8062133789062,55
39.01687,-95.5004,324.6317443847656,55
39.01698,-95.5005,325.1934509277344,55
39.01706,-95.50056,325.5320434570312,55
39.01715,-95.50063,326.0973510742188,55
39.01727,-95.50071,326.5753479003906,55
39.01737,-95.50078,327.022216796875,55
39.01747,-95.50084,327.4703674316406,55
39.01755,-95.50089,327.8358154296875,55
39.01767,-95.50095,328.2859191894531,55
39.01781,-95.50102,328.7140502929688,55
39.01785,-95.50104,328.9472961425781,55
39.01792,-95.50107,329.2504577636719,55
39.01799,-95.5011,329.5409851074219,55
39.01802,-95.50111,329.6805114746094,55
39.01809,-95.50113,329.8391723632812,55
39.01818,-95.50116,330.4550476074219,55
39.01819,-95.50116,330.4525451660156,55
39.01823,-95.50117,330.5186462402344,55
39.01825,-95.50118,330.5673217773438,55
39.01834,-95.5012,330.4771728515625,55
39.01838,-95.50121,330.6255798339844,55
39.0184,-95.50122,330.6813659667969,55
39.01846,-95.50123,330.8291015625,55
39.01851,-95.50124,330.9527587890625,55
39.01853,-95.50124,331.0004577636719,55
39.01863,-95.50126,331.229736328125,55
39.01869,-95.50127,331.3388366699219,55
39.01876,-95.50127,331.4952392578125,55
39.01879,-95.50128,331.5785827636719,55
39.0189,-95.50129,331.7486267089844,55
39.01894,-95.50129,331.7967224121094,55
39.01908,-95.5013,331.9032592773438,55
39.01926,-95.5013,331.9080505371094,55
39.01941,-95.50131,331.8943481445312,55
39.01962,-95.50131,331.9965515136719,55
39.01982,-95.50131,332.0507202148438,55
39.02036,-95.50131,332.2657470703125,55
39.02048,-95.50131,332.4537963867188,55
39.02102,-95.50132,333.9989624023438,55
39.02132,-95.50132,335.4406433105469,55
39.02138,-95.50132,335.6073913574219,55
39.02156,-95.50132,335.6944274902344,55
39.02187,-95.50132,334.4327697753906,55
39.02192,-95.50133,334.1703186035156,55
39.02229,-95.50133,331.8751525878906,55
39.02264,-95.50133,329.8981323242188,55
39.02272,-95.50134,329.6210632324219,55
39.023,-95.50134,329.3482971191406,55
39.02323,-95.50134,329.93359375,55
39.02336,-95.50134,330.4708862304688,55
39.0235,-95.50134,331.0725708007812,55
39.02423,-95.50135,334.6461791992188,55
39.02444,-95.50135,335.5049743652344,55
39.0248,-95.50136,335.8935546875,55
39.0249,-95.50136,335.74853515625,55
39.02516,-95.50136,334.6724853515625,55
39.02527,-95.50136,333.9768371582031,55
39.02577,-95.50136,330.7499694824219,55
39.02594,-95.50137,329.7846984863281,55
39.02603,-95.50137,329.4050903320312,55
39.02613,-95.50138,329.0550842285156,55
39.02622,-95.50138,328.9271240234375,55
39.02628,-95.50139,328.8664855957031,55
39.02634,-95.5014,328.8199157714844,55
39.02642,-95.50141,328.8280639648438,55
39.02651,-95.50143,328.8276062011719,55
39.02655,-95.50144,328.85986328125,55
39.02658,-95.50145,328.8611450195312,55
39.02661,-95.50146,328.8941650390625,55
39.02669,-95.50148,329.1167297363281,55
39.02673,-95.5015,329.1126403808594,55
39.02679,-95.50152,329.1824645996094,55
39.02687,-95.50155,329.4070739746094,55
39.02695,-95.50158,329.5794372558594,55
39.02705,-95.50163,329.7926635742188,55
39.02713,-95.50168,329.8939514160156,55
39.02722,-95.50173,330.05859375,55
39.02732,-95.50179,330.2890319824219,55
39.02738,-95.50184,330.3860473632812,55
39.02742,-95.50188,330.4064636230469,55
39.02754,-95.50198,330.6701354980469,55
39.02767,-95.5021,331.0050354003906,55
39.02791,-95.50233,331.4491882324219,55
39.02808,-95.5025,331.7748413085938,55
39.02811,-95.50253,331.8114929199219,55
39.02837,-95.5028,332.2506713867188,55
39.02843,-95.50286,332.3601379394531,55
39.02851,-95.50295,332.5524291992188,55
39.02857,-95.50301,332.7241821289062,55
39.02864,-95.5031,332.853271484375,55
39.02869,-95.50315,333.0508117675781,55
39.02876,-95.50325,333.1790161132812,55
39.02877,-95.50326,333.2218627929688,55
39.02881,-95.50332,333.3230285644531,55
39.02888,-95.50342,333.5042419433594,55
39.02893,-95.50351,333.6317138671875,55
39.02898,-95.5036,333.7560119628906,55
39.02906,-95.50376,333.9801330566406,55
39.02912,-95.50389,334.1334533691406,55
39.02916,-95.50399,334.2609252929688,55
39.0292,-95.50408,334.4446716308594,55
39.02925,-95.50422,334.5459594726562,55
39.02932,-95.50447,334.5804443359375,55
39.02934,-95.50455,334.595458984375,55
39.02935,-95.50462,334.54052734375,55
39.02936,-95.50468,334.5294189453125,55
39.02937,-95.5047,334.4620361328125,55
39.02938,-95.50477,334.4100036621094,55
39.02939,-95.50484,334.3609313964844,55
39.0294,-95.50491,334.3073120117188,55
39.02941,-95.50499,334.1434631347656,55
39.02942,-95.50506,334.0142211914062,55
39.02943,-95.50513,333.8128967285156,55
39.02943,-95.50514,333.7967529296875,55
39.02943,-95.50523,333.5906982421875,55
39.02944,-95.50531,333.2972106933594,55
39.02944,-95.50537,333.1188354492188,55
39.02944,-95.50538,333.0860595703125,55
39.02944,-95.50544,332.8967590332031,55
39.02944,-95.50551,332.6337890625,55
39.02945,-95.50606,329.9937133789062,55
39.02945,-95.50629,328.9411926269531,55
39.02945,-95.5064,328.3520812988281,55
39.02945,-95.50652,328.4896240234375,55
39.02945,-95.50676,329.4467468261719,55
39.02945,-95.50685,330.0038757324219,55
39.02945,-95.50699,330.8870544433594,55
39.02944,-95.50749,333.6852722167969,55
39.02944,-95.50791,335.3891296386719,55
39.02944,-95.50831,336.1622924804688,55
39.02944,-95.50838,336.1317138671875,55
39.02944,-95.50861,335.6971740722656,55
39.02944,-95.5087,335.4920043945312,55
39.02944,-95.50953,333.1219787597656,55
39.02944,-95.51069,333.7735900878906,55
39.02944,-95.51103,332.9558410644531,55
39.02944,-95.5113,332.7069396972656,55
39.02944,-95.51158,332.4742126464844,55
39.02944,-95.51175,332.4664611816406,55
39.02944,-95.512,332.465576171875,55
39.02944,-95.51208,332.2545776367188,55
39.02944,-95.51237,331.3828125,55
39.02944,-95.51326,327.3805236816406,55
39.02944,-95.51349,326.251708984375,55
39.02943,-95.51464,321.5611267089844,55
39.02943,-95.51509,319.6682434082031,55
39.02943,-95.51607,316.8618774414062,55
39.02943,-95.51718,313.8951416015625,55
39.02943,-95.51833,310.4856262207031,55
39.02943,-95.5184,310.3234558105469,55
39.02943,-95.51873,309.77783203125,55
39.02943,-95.51903,309.5027465820312,55
39.02943,-95.51908,309.4936218261719,55
39.02943,-95.51949,309.953369140625,55
39.02943,-95.51962,310.3085632324219,55
39.02942,-95.51996,311.8713684082031,55
39.02942,-95.52065,313.9277954101562,55
39.02942,-95.52112,314.9167785644531,55
39.02942,-95.52147,314.3789978027344,55
39.02942,-95.52227,312.7574462890625,55
39.02942,-95.52289,314.101806640625,55
39.02942,-95.52366,315.8857116699219,55
39.02943,-95.52413,314.9966125488281,55
39.02943,-95.52434,314.393798828125,55
39.02944,-95.52531,310.3388671875,55
39.02944,-95.52551,309.7097778320312,55
39.02945,-95.52606,308.3548278808594,55
39.02946,-95.52635,307.8817138671875,55
39.02947,-95.52654,307.2539367675781,55
39.02947,-95.52667,307.1043090820312,55
39.02949,-95.52681,306.7327575683594,55
39.0295,-95.52689,306.6108093261719,55
39.02951,-95.52698,306.4824829101562,55
39.02952,-95.52704,306.4034118652344,55
39.02954,-95.52712,306.2338256835938,55
39.02956,-95.52721,306.1168823242188,55
39.02958,-95.52728,306.0075073242188,55
39.02959,-95.52733,305.9912414550781,55
39.02961,-95.52737,305.8533630371094,55
39.02963,-95.52744,305.8243713378906,55
39.02965,-95.5275,305.7639465332031,55
39.02968,-95.52757,305.6340026855469,55
39.02971,-95.52765,305.56884765625,55
39.02974,-95.52772,305.4829406738281,55
39.02977,-95.52778,305.3814086914062,55
39.02982,-95.52789,305.3040771484375,55
39.02989,-95.52802,305.2192687988281,55
39.02991,-95.52805,305.1827087402344,55
39.02997,-95.52814,305.1018676757812,55
39.03,-95.52818,305.0564880371094,55
39.03006,-95.52826,304.9629211425781,55
39.03012,-95.52834,304.9002990722656,55
39.03019,-95.52843,304.8135070800781,55
39.03027,-95.52851,304.6929931640625,55
39.03035,-95.52858,304.5502014160156,55
39.0304,-95.52864,304.529296875,55
39.03045,-95.52868,304.4421691894531,55
39.03049,-95.52871,304.41259765625,55
39.03053,-95.52875,304.4149475097656,55
39.03057,-95.52878,304.3998413085938,55
39.03066,-95.52884,304.32373046875,55
39.03071,-95.52888,304.3333435058594,55
39.03076,-95.52891,304.2838134765625,55
39.03083,-95.52895,304.1996765136719,55
39.03091,-95.529,304.1642150878906,55
39.03096,-95.52903,304.0878601074219,55
39.031,-95.52905,304.038818359375,55
39.03106,-95.52908,304.0028686523438,55
39.03108,-95.52909,303.9870300292969,55
39.0311,-95.5291,303.9716796875,55
39.03116,-95.52912,303.9707336425781,55
39.03121,-95.52914,303.9445495605469,55
39.03122,-95.52914,303.9473876953125,55
39.03123,-95.52915,303.9578552246094,55
39.03126,-95.52916,303.94580078125,55
39.03132,-95.52917,304.0000915527344,55
39.03135,-95.52918,304.0110168457031,55
39.03138,-95.52919,304.0420837402344,55
39.03147,-95.52921,304.1722717285156,55
39.03156,-95.52923,304.2887573242188,55
39.0316,-95.52924,304.299560546875,55
39.03166,-95.52924,304.4466552734375,55
39.03178,-95.52925,304.645263671875,55
39.03188,-95.52926,304.7852172851562,55
39.03199,-95.52927,304.9403686523438,55
39.03211,-95.52927,304.926025390625,55
39.03227,-95.52927,304.842529296875,55
39.03229,-95.52927,304.8297119140625,55
39.03239,-95.52927,304.791015625,55
39.03247,-95.52927,304.660400390625,55
39.03255,-95.52927,304.6224670410156,55
39.03264,-95.52928,304.3246765136719,55
39.03274,-95.52929,304.0309448242188,55
39.0328,-95.52929,303.9869689941406,55
39.03286,-95.5293,303.8480834960938,55
39.03292,-95.52932,303.6433715820312,55
39.03299,-95.52933,303.5753479003906,55
39.03306,-95.52935,303.4736633300781,55
39.03316,-95.52938,303.3662109375,55
39.03323,-95.52941,303.3014526367188,55
39.03333,-95.52945,303.2250366210938,55
39.03346,-95.52951,303.1745910644531,55
39.03351,-95.52954,303.11376953125,55
39.03362,-95.5296,303.0686645507812,55
39.03367,-95.52963,303.0521240234375,55
39.03377,-95.52971,302.9043884277344,55
39.03385,-95.52977,302.8884582519531,55
39.03393,-95.52983,302.8274841308594,55
39.03401,-95.5299,302.7647094726562,55
39.03407,-95.52996,302.7841186523438,55
39.0341,-95.53,302.747802734375,55
39.03415,-95.53005,302.7684631347656,55
39.03424,-95.53015,302.736328125,55
39.03435,-95.53028,302.6364440917969,55
39.03436,-95.53029,302.6263427734375,55
39.03448,-95.53043,302.296142578125,55
39.03454,-95.5305,302.1585083007812,55
39.03475,-95.53076,301.6461486816406,55
39.03487,-95.53091,301.3272094726562,55
39.03489,-95.53093,301.2669677734375,55
39.03506,-95.53114,300.6399841308594,55
39.03526,-95.53139,299.7408447265625,55
39.03532,-95.53147,299.3620910644531,55
39.03551,-95.5317,297.6353149414062,55
39.03577,-95.53202,295.1141052246094,55
39.03578,-95.53203,295.0391235351562,55
39.03599,-95.53228,294.0404052734375,55
39.03604,-95.53235,293.9961853027344,55
39.03613,-95.53245,294.0541687011719,55
39.03626,-95.53262,294.5007019042969,55
39.0363,-95.53267,294.7336730957031,55
39.03645,-95.53285,295.7042541503906,55
39.0367,-95.53316,297.1613464355469,55
39.03708,-95.53364,298.861572265625,55
39.03714,-95.53371,298.966064453125,55
39.03732,-95.53392,299.1125793457031,55
39.03741,-95.53402,299.1148681640625,55
39.03751,-95.53414,299.0649108886719,55
39.03759,-95.53423,299.0133972167969,55
39.0377,-95.53434,298.9182434082031,55
39.03771,-95.53436,298.9146423339844,55
39.03782,-95.53447,298.8368530273438,55
39.03784,-95.53449,298.8088073730469,55
39.03793,-95.53458,298.7260437011719,55
39.03814,-95.53479,298.4775085449219,55
39.03835,-95.53496,298.2989196777344,55
39.03837,-95.53498,298.2618103027344,55
39.0386,-95.53517,298.09033203125,55
39.03884,-95.53535,297.9202270507812,55
39.03952,-95.53582,297.392578125,55
39.03968,-95.53593,297.2694396972656,55
39.03976,-95.53599,297.1592712402344,55
39.04057,-95.53654,296.4351196289062,55
39.04063,-95.53658,296.2783813476562,55
39.04094,-95.5368,295.3030090332031,55
39.04126,-95.53702,293.8863525390625,55
39.04145,-95.53715,292.9439086914062,55
39.04165,-95.53731,291.7402038574219,55
39.04186,-95.53748,290.5989685058594,55
39.04206,-95.53766,289.4931335449219,55
39.04226,-95.53786,288.2851257324219,55
39.04245,-95.53807,287.1034545898438,55
39.04253,-95.53817,286.5369873046875,55
39.04268,-95.53836,285.52197265625,55
39.04277,-95.53849,284.8952331542969,55
39.04289,-95.53867,284.0162048339844,55
39.04297,-95.53879,283.459716796875,55
39.04309,-95.53899,282.5770263671875,55
39.04317,-95.53914,281.8663940429688,55
39.04327,-95.53931,281.1246337890625,55
39.04333,-95.53944,280.5572509765625,55
39.04338,-95.53954,280.1351013183594,55
39.04343,-95.53965,279.7100219726562,55
39.04351,-95.53983,278.8883361816406,55
39.04358,-95.54001,278.1134948730469,55
39.04365,-95.54021,277.3784790039062,55
39.04373,-95.54042,276.44677734375,55
39.04379,-95.54062,275.6602783203125,55
39.04382,-95.54075,275.15869140625,55
39.04385,-95.54084,274.76171875,55
39.0439,-95.54104,274.0582885742188,55
39.04395,-95.54125,273.4751892089844,55
39.04398,-95.54141,273.0811462402344,55
39.044,-95.54147,272.9495849609375,55
39.04402,-95.54161,272.6775207519531,55
39.04405,-95.54176,272.4309387207031,55
39.04406,-95.54186,272.3123779296875,55
39.04406,-95.54187,272.3052673339844,55
39.04407,-95.54198,272.2439880371094,55
39.04409,-95.54209,272.1223754882812,55
39.04409,-95.54211,272.1170043945312,55
39.0441,-95.54226,272.0481262207031,55
39.04411,-95.54238,272.1058654785156,55
39.04412,-95.54254,272.1298522949219,55
39.04412,-95.54255,272.1312866210938,55
39.04413,-95.54265,272.1290893554688,55
39.04413,-95.54283,272.2685546875,55
39.04414,-95.54301,272.2912902832031,55
39.04414,-95.54348,272.5404357910156,55
39.04414,-95.54352,272.5840454101562,55
39.04413,-95.54434,268.415283203125,55
39.04413,-95.54444,271.0966491699219,55
39.04413,-95.54522,275.4161682128906,55
39.04413,-95.54545,275.738037109375,55
39.04413,-95.54568,276.0545043945312,55
39.04413,-95.54585,276.1802978515625,55
39.04414,-95.54626,276.2698974609375,55
39.04414,-95.54645,276.3973388671875,55
39.04414,-95.54665,276.48095703125,55
39.04414,-95.54686,276.6259155273438,55
39.04415,-95.54707,276.7596435546875,55
39.04415,-95.5471,276.81982421875,55
39.04415,-95.54726,277.2056274414062,55
39.04415,-95.54777,278.5223999023438,55
39.04416,-95.54869,282.1036071777344,55
39.04418,-95.55024,290.5017395019531,55
39.04418,-95.55031,290.7833862304688,55
39.04419,-95.5509,292.2960205078125,55
39.04419,-95.55136,291.9954223632812,55
39.0442,-95.55159,291.3088073730469,55
39.04421,-95.55298,287.6830444335938,55
39.04421,-95.5536,287.836669921875,55
39.04421,-95.55373,288.0132141113281,55
39.04422,-95.55428,288.8574829101562,55
39.04423,-95.55522,290.4757690429688,55
39.04423,-95.55545,290.8017272949219,55
39.04423,-95.55546,290.8094177246094,55
39.04423,-95.55568,290.7198181152344,55
39.04423,-95.55592,289.8131103515625,55
39.04423,-95.55684,285.3689575195312,55
39.04423,-95.55706,284.8351440429688,55
39.04424,-95.55719,284.3163757324219,55
39.04424,-95.55745,284.4210510253906,55
39.04424,-95.55768,284.9910583496094,55
39.04424,-95.55791,286.0054016113281,55
39.04424,-95.55907,290.5245666503906,55
39.04424,-95.55977,291.26611328125,55
39.04424,-95.56018,291.1387023925781,55
39.04425,-95.56086,290.8616333007812,55
39.04425,-95.56141,290.752685546875,55
39.04426,-95.56162,290.4877624511719,55
39.04426,-95.56188,290.3935241699219,55
39.04426,-95.56254,290.1844482421875,55
39.04426,-95.56308,289.8879699707031,55
39.04426,-95.56345,289.7479248046875,55
39.04427,-95.56417,289.4140319824219,55
39.04427,-95.56433,289.4202575683594,55
39.04429,-95.5644,289.1472473144531,55
39.0443,-95.56456,288.9826354980469,55
39.0443,-95.56475,289.2996215820312,55
39.0443,-95.56484,289.375,55
39.0443,-95.56495,289.1971740722656,55
39.0443,-95.56506,289.1409301757812,55
39.04431,-95.56525,288.9055786132812,55
39.04431,-95.56549,288.8493347167969,55
39.04431,-95.56592,288.5513610839844,55
39.04432,-95.56641,287.9309997558594,55
39.04432,-95.56691,286.4568786621094,55
39.04431,-95.56786,283.7081909179688,55
39.04431,-95.56799,283.3217468261719,55
39.04431,-95.56846,282.0320129394531,55
39.04431,-95.56854,281.8331604003906,55
39.04431,-95.56879,281.43408203125,55
39.04431,-95.56885,281.2153930664062,55
39.0443,-95.56895,280.9740905761719,55
39.0443,-95.56914,280.4297790527344,55
39.04429,-95.56916,280.6300659179688,55
39.04429,-95.56917,280.6138610839844,55
39.04427,-95.56922,280.7435913085938,55
39.04427,-95.56966,280.2870483398438,55
39.04426,-95.57061,280.1719055175781,55
39.04426,-95.5714,279.9031372070312,55
39.04426,-95.57159,279.7770385742188,55
39.04426,-95.57221,279.69921875,55
39.04426,-95.57231,279.6141357421875,55
39.04426,-95.57244,279.4549255371094,55
39.04425,-95.5729,278.3407592773438,55
39.04425,-95.573,278.0839538574219,55
39.04425,-95.57353,275.9894104003906,55
39.04425,-95.57427,273.0712890625,55
39.04425,-95.57453,272.210693359375,55
39.04425,-95.57512,270.6380310058594,55
39.04425,-95.57568,269.6196594238281,55
39.04425,-95.57585,269.4393615722656,55
39.04425,-95.57632,267.1735229492188,55
39.04424,-95.57677,269.0706481933594,55
39.04424,-95.57679,269.0730285644531,55
39.04424,-95.57702,269.1465148925781,55
39.04424,-95.57741,269.4397277832031,55
39.04424,-95.57748,269.5299377441406,55
39.04424,-95.57818,270.7011413574219,55
39.04424,-95.57887,272.5796508789062,55
39.04424,-95.57979,275.548583984375,55
39.04424,-95.5802,276.9181213378906,55
39.04423,-95.58084,279.2020874023438,55
39.04423,-95.58153,281.3076171875,55
39.04423,-95.58211,283.3859252929688,55
39.04424,-95.5824,284.0370788574219,55
39.04424,-95.58327,285.4765930175781,55
39.04424,-95.58392,286.0810852050781,55
39.04425,-95.58443,286.4108581542969,55
39.04425,-95.58508,286.8470458984375,55
39.04426,-95.58582,286.9763793945312,55
39.04426,-95.58605,286.9977416992188,55
39.04426,-95.58638,286.7974548339844,55
39.04426,-95.58674,286.5835571289062,55
39.04426,-95.58699,286.2865600585938,55
39.04426,-95.58721,285.9674377441406,55
39.04426,-95.58723,285.8920288085938,55
39.04426,-95.58753,285.2207946777344,55
39.04426,-95.58787,284.0936279296875,55
39.04426,-95.5879,283.9954223632812,55
39.04426,-95.58841,282.1060791015625,55
39.04426,-95.5886,281.2740173339844,55
39.04427,-95.58951,277.0791320800781,55
39.04427,-95.58952,277.0439453125,55
39.04427,-95.59022,274.7369079589844,55
39.04427,-95.59024,274.6982116699219,55
39.04427,-95.59068,273.8129577636719,55
39.04427,-95.59091,273.4845886230469,55
39.04428,-95.59121,273.1610107421875,55
39.04428,-95.59138,273.1415405273438,55
39.04428,-95.59161,273.1190185546875,55
39.04428,-95.59183,273.1231994628906,55
39.04428,-95.59207,268.8216857910156,55
39.04428,-95.5923,265.3200988769531,55
39.04428,-95.59264,274.1266174316406,55
39.04428,-95.59277,274.4304504394531,55
39.04428,-95.59365,277.2638549804688,55
39.04429,-95.59486,280.7218322753906,55
39.04429,-95.59559,282.1117553710938,55
39.04431,-95.59562,281.96337890625,55
39.04431,-95.59563,281.9822387695312,55
39.04434,-95.59658,282.8667907714844,55
39.04434,-95.59698,283.2630615234375,55
39.04433,-95.5979,284.2002868652344,55
39.04435,-95.59924,285.2923889160156,55
39.04435,-95.59943,285.3367004394531,55
39.04434,-95.6003,284.9169006347656,55
39.04435,-95.60111,283.9320373535156,55
39.04435,-95.60122,283.7536010742188,55
39.04435,-95.60186,282.4061889648438,55
39.04435,-95.60189,282.3762817382812,55
39.04435,-95.60212,281.8268737792969,55
39.04435,-95.60218,281.6200256347656,55
39.04435,-95.60239,281.1710510253906,55
39.04435,-95.60328,279.1746215820312,55
39.04435,-95.60341,279.0172119140625,55
39.04434,-95.60409,278.871826171875,55
39.04435,-95.60425,278.9743957519531,55
39.04435,-95.60443,279.1659545898438,55
39.04435,-95.60475,279.4486389160156,55
39.04435,-95.60507,279.9778137207031,0
39.04434,-95.6055,280.5790710449219,45
39.04429,-95.60563,280.8296203613281,45
39.04429,-95.60796,285.4915771484375,45
39.04429,-95.60843,285.9822998046875,45
39.04429,-95.60889,285.9990234375,45
39.04428,-95.61051,284.5193176269531,45
39.04428,-95.61121,284.3937683105469,45
39.04429,-95.61184,285.2813415527344,45
39.04429,-95.6123,286.6100158691406,45
39.04428,-95.61306,288.8597412109375,45
39.04428,-95.61352,289.564453125,45
39.04428,-95.61371,289.6215515136719,45
39.04428,-95.61423,289.4035034179688,45
39.04428,-95.6147,288.5311279296875,45
39.04428,-95.615,287.6220092773438,45
39.04428,-95.61546,285.8117370605469,45
39.04428,-95.61586,284.1674499511719,45
39.04428,-95.61609,283.2607727050781,45
39.04428,-95.61632,282.4175720214844,45
39.04428,-95.61655,281.7380065917969,45
39.04428,-95.61709,280.6781921386719,45
39.04428,-95.61726,280.5358581542969,45
39.04428,-95.61769,280.4169616699219,45
39.04428,-95.61779,280.4651489257812,45
39.04428,-95.61827,281.0813293457031,45
39.04428,-95.61874,281.845947265625,45
39.04428,-95.61894,282.0617370605469,45
39.04428,-95.61929,282.2786254882812,45
39.04427,-95.6199,282.620361328125,45
39.04427,-95.6201,282.9093017578125,45
39.04426,-95.62048,283.6805114746094,45
39.04426,-95.6208,284.6186828613281,0
39.04426,-95.62109,285.6806030273438,40
39.04425,-95.62157,287.5162658691406,40
39.04425,-95.62219,289.5946655273438,40
39.04425,-95.62233,289.8599548339844,40
39.04425,-95.62284,290.3359375,40
39.04425,-95.6233,289.8803100585938,40
39.04425,-95.62423,287.6257629394531,40
39.04425,-95.62469,287.4240112304688,40
39.04425,-95.62516,288.1033935546875,40
39.04424,-95.62585,289.8246154785156,40
39.04424,-95.62633,290.1582641601562,40
39.04425,-95.62651,290.0187683105469,40
39.04424,-95.62735,287.9002685546875,40
39.04424,-95.62804,284.4668273925781,40
39.04424,-95.62917,279.6801147460938,40
39.04425,-95.63034,276.8171997070312,40
39.04424,-95.6315,273.7009582519531,40
39.04424,-95.63254,266.5894165039062,40
39.04424,-95.6326,267.7503662109375,40
39.04424,-95.63267,269.4931030273438,40
39.04424,-95.63318,270.2750244140625,40
39.04424,-95.63475,270.9358825683594,40
39.04424,-95.63502,271.0374755859375,40
39.04424,-95.63506,271.0617370605469,40
39.04424,-95.63513,271.09033203125,40
39.04424,-95.63553,271.2793579101562,40
39.04424,-95.63583,271.3392944335938,40
39.04424,-95.63584,271.3482055664062,40
39.04424,-95.636,271.4094543457031,40
39.04424,-95.63617,271.47119140625,40
39.04425,-95.63675,271.7518920898438,40
39.04426,-95.63736,271.6535339355469,40
39.04427,-95.63755,271.6468811035156,40
39.04427,-95.63781,271.6963500976562,40
39.04427,-95.63805,271.9905090332031,40
39.04427,-95.63852,273.1134033203125,40
39.04427,-95.63968,278.3311462402344,40
39.04427,-95.63982,278.8436279296875,40
39.04427,-95.6402,279.8021240234375,40
39.04427,-95.64089,280.366943359375,40
39.04426,-95.64135,281.0478515625,40
39.04426,-95.64229,283.3672485351562,40
39.04426,-95.64275,283.3890991210938,40
39.04426,-95.64295,283.1520385742188,40
39.04426,-95.64299,283.0867919921875,0
39.04426,-95.64322,282.560791015625,0
39.04427,-95.64345,281.819580078125,30
39.04427,-95.64368,280.8920288085938,30
39.04427,-95.64377,280.4781494140625,30
39.04425,-95.64445,277.2535095214844,30
39.04428,-95.64476,276.1063232421875,30
39.04433,-95.64499,275.2987670898438,30
39.04451,-95.64572,273.9248657226562,30
39.04452,-95.64576,273.8856506347656,30
39.04462,-95.64616,273.8469848632812,30
39.04478,-95.64674,273.8066711425781,30
39.04493,-95.64735,273.8691101074219,30
39.04511,-95.64803,273.5396118164062,30
39.04536,-95.64901,272.5518493652344,30
39.04547,-95.64941,272.1206970214844,30
39.0458,-95.65067,270.8577880859375,30
39.04596,-95.65128,270.2308959960938,30
39.04624,-95.65236,269.7725524902344,30
39.04652,-95.65345,269.421875,30
39.04681,-95.65454,269.7060546875,30
39.04709,-95.65563,269.8723449707031,30
39.04737,-95.65668,269.8706970214844,30
39.04764,-95.65773,270.1352233886719,30
39.04795,-95.6589,270.6744384765625,30
39.04822,-95.65996,270.955078125,30
39.04836,-95.66053,271.1159973144531,30
39.04851,-95.6611,271.4932556152344,30
39.04824,-95.66125,270.9917602539062,30
39.04807,-95.66136,270.8677368164062,30
39.0479,-95.66149,270.9353637695312,0
39.04764,-95.66173,271.1492919921875,40
39.04757,-95.66182,271.1177978515625,40
39.04751,-95.6619,271.0588684082031,40
39.04702,-95.66248,270.7508850097656,40
39.04638,-95.66321,271.0724487304688,40
39.04594,-95.66371,270.9668273925781,40
39.04554,-95.66418,271.3397827148438,40
39.04544,-95.66429,271.4425659179688,40
39.04526,-95.6645,271.3552856445312,40
39.04509,-95.66467,271.1373901367188,40
39.04494,-95.6648,271.3138732910156,40
39.04491,-95.66484,271.3814697265625,40
39.04478,-95.66493,271.6676025390625,40
39.04457,-95.66508,272.2873840332031,40
39.04442,-95.66517,272.6998901367188,0
39.04425,-95.66524,273.1177673339844,0
39.04416,-95.66527,273.3311767578125,30
39.04397,-95.66535,273.5521240234375,0
39.0438,-95.6654,273.3125610351562,40
39.04353,-95.66548,272.5368041992188,40
39.04334,-95.66554,271.9034118652344,40
39.04315,-95.66561,271.3164367675781,40
39.04311,-95.66564,271.1966552734375,40
39.04301,-95.6657,271.0921936035156,40
39.04279,-95.66587,270.9958190917969,40
39.04266,-95.66602,271.0658874511719,40
39.0425,-95.66621,271.2993774414062,40
39.04227,-95.6665,271.5336608886719,40
39.04213,-95.66667,271.4411926269531,40
39.04198,-95.66685,271.3243103027344,40
39.04183,-95.66697,271.3176879882812,40
39.04167,-95.6671,271.5013122558594,40
39.04152,-95.66721,271.6764831542969,40
39.04136,-95.66731,271.8951110839844,40
39.0412,-95.66738,272.1983947753906,40
39.04119,-95.66739,272.2572631835938,40
39.04076,-95.66756,273.5426940917969,40
39.04068,-95.6676,273.7015686035156,40
39.04034,-95.66774,273.8746948242188,40
39.04026,-95.66778,273.8502807617188,40
39.0398,-95.66796,273.9914245605469,40
39.03936,-95.66814,273.8365783691406,40
39.03886,-95.66834,273.949951171875,40
39.03854,-95.66845,274.0786743164062,40
39.03846,-95.66848,274.2416687011719,40
39.03812,-95.66861,274.2451171875,40
39.03798,-95.66867,274.2236328125,40
39.03792,-95.6687,274.1675720214844,40
39.03723,-95.66895,273.7909851074219,40
39.03678,-95.66911,274.1137084960938,30
39.03686,-95.66979,266.9244995117188,30
39.03688,-95.6699,269.4949951171875,30
39.0369,-95.67003,273.2222595214844,30
39.03691,-95.6701,273.6676025390625,30
39.03695,-95.67031,272.6878051757812,30
39.03697,-95.67041,272.2748413085938,30
39.03699,-95.67053,271.8104553222656,30
39.037,-95.67062,271.6738586425781,30
39.03703,-95.67078,271.7030029296875,30
39.03709,-95.67116,271.8778686523438,30
39.03725,-95.67188,271.9475708007812,30
39.03739,-95.67248,272.1602478027344,30
39.03751,-95.67295,272.2553405761719,30
39.03763,-95.67338,272.1277770996094,30
39.0379,-95.67434,271.923828125,30
39.03791,-95.67439,272.0224609375,30
39.03798,-95.67461,272.8250427246094,30
39.0381,-95.67503,274.5657348632812,30
39.0381,-95.67504,274.5729064941406,30
39.03814,-95.67518,274.4688110351562,30
39.03833,-95.67586,274.2158508300781,30
39.0383,-95.67591,274.2308044433594,30
39.03827,-95.67594,274.2527160644531,30
39.03822,-95.67597,274.3016357421875,30
39.03784,-95.67613,274.1200866699219,30
39.03777,-95.67616,274.1107177734375,30
